date,price_usd,market_cap_usd,volume_24h_usd,change_24h_pct,open,high,low,close
2021-03-17,58870.89,,60258313191.0,,56825.83,58969.82,54528.63,58870.89
2021-03-18,57858.92,,55746041000.0,-1.719,58893.08,60116.25,54253.58,57858.92
2021-03-19,58346.65,,49063873786.0,0.843,57850.44,59498.38,56643.7,58346.65
2021-03-20,58313.64,,50361731222.0,-0.0566,58332.26,60031.29,58213.3,58313.64
2021-03-21,57523.42,,51943414539.0,-1.3551,58309.91,58767.9,56005.62,57523.42
2021-03-22,54529.14,,56521454974.0,-5.2053,57517.89,58471.48,54288.16,54529.14
2021-03-23,54738.95,,56435023914.0,0.3847,54511.66,55985.44,53470.7,54738.95
2021-03-24,52774.27,,70567223787.0,-3.5892,54710.49,57262.38,52514.33,52774.27
2021-03-25,51704.16,,67999812841.0,-2.0277,52726.75,53392.39,50856.57,51704.16
2021-03-26,55137.31,,56652197978.0,6.64,51683.01,55137.31,51579.86,55137.31
2021-03-27,55973.51,,47266542233.0,1.5166,55137.57,56568.21,54242.91,55973.51
2021-03-28,55950.75,,47686580918.0,-0.0407,55974.94,56610.31,55071.11,55950.75
2021-03-29,57750.2,,57625587027.0,3.2161,55947.9,58342.1,55139.34,57750.2
2021-03-30,58917.69,,54414116432.0,2.0216,57750.13,59447.22,57251.55,58917.69
2021-03-31,58918.83,,65520826225.0,0.0019,58930.28,59930.03,57726.42,58918.83
2021-04-01,59095.81,,61669163792.0,0.3004,58926.56,59586.07,58505.28,59095.81
2021-04-02,59384.31,,58727860620.0,0.4882,59098.88,60267.19,58869.28,59384.31
2021-04-03,57603.89,,59641344484.0,-2.9981,59397.41,60110.27,57603.89,57603.89
2021-04-04,58758.55,,50749662970.0,2.0045,57604.84,58913.75,57168.68,58758.55
2021-04-05,59057.88,,60706272115.0,0.5094,58760.88,59891.3,57694.82,59057.88
2021-04-06,58192.36,,66058027988.0,-1.4655,59171.93,59479.58,57646.81,58192.36
2021-04-07,56048.94,,75645303584.0,-3.6833,58186.51,58731.14,55604.02,56048.94
2021-04-08,58323.95,,53053855641.0,4.059,56099.91,58338.74,55879.09,58323.95
2021-04-09,58245.0,,46655208546.0,-0.1354,58326.56,58937.05,57807.86,58245.0
2021-04-10,59793.23,,58238470525.0,2.6581,58253.78,61276.66,58038.71,59793.23
2021-04-11,60204.96,,46280252580.0,0.6886,59846.23,60790.55,59289.8,60204.96
2021-04-12,59893.45,,51828688519.0,-0.5174,60175.95,61253.04,59589.88,59893.45
2021-04-13,63503.46,,69983454362.0,6.0274,59890.02,63742.29,59869.96,63503.46
2021-04-14,63109.7,,77451779687.0,-0.6201,63523.75,64863.1,61554.8,63109.7
2021-04-15,63314.01,,60954381579.0,0.3237,63075.2,63821.67,62208.96,63314.01
2021-04-16,61572.79,,84293007468.0,-2.7501,63258.5,63594.72,60222.53,61572.79
2021-04-17,60683.82,,66138759198.0,-1.4438,61529.92,62572.18,60361.35,60683.82
2021-04-18,56216.18,,97468872758.0,-7.3622,60701.89,61057.46,52829.54,56216.18
2021-04-19,55724.27,,65344865159.0,-0.875,56191.59,57520.05,54368.59,55724.27
2021-04-20,56473.03,,67849323955.0,1.3437,55681.79,57062.15,53448.05,56473.03
2021-04-21,53906.09,,54926612466.0,-4.5454,56471.13,56757.97,53695.47,53906.09
2021-04-22,51762.27,,74798630778.0,-3.9769,53857.11,55410.23,50583.81,51762.27
2021-04-23,51093.65,,86668667320.0,-1.2917,51739.81,52120.79,47714.66,51093.65
2021-04-24,50050.87,,49014494781.0,-2.0409,51143.23,51167.56,48805.29,50050.87
2021-04-25,49004.25,,46117114240.0,-2.0911,50052.83,50506.02,47159.48,49004.25
2021-04-26,54021.75,,58284039825.0,10.2389,49077.79,54288.0,48852.8,54021.75
2021-04-27,55033.12,,49448222757.0,1.8721,54030.3,55416.96,53319.19,55033.12
2021-04-28,54824.7,,48000572955.0,-0.3787,55036.64,56227.21,53887.92,54824.7
2021-04-29,53555.11,,46088929780.0,-2.3157,54858.09,55115.84,52418.03,53555.11
2021-04-30,57750.18,,52395931985.0,7.8332,53568.66,57900.72,53129.6,57750.18
2021-05-01,57828.05,,42836427360.0,0.1348,57714.66,58448.34,57052.27,57828.05
2021-05-02,56631.08,,38177405335.0,-2.0699,57825.86,57902.59,56141.91,56631.08
2021-05-03,57200.29,,51713139031.0,1.0051,56620.27,58973.31,56590.87,57200.29
2021-05-04,53333.54,,68564706967.0,-6.76,57214.18,57214.18,53191.43,53333.54
2021-05-05,57424.01,,69241316747.0,7.6696,53252.16,57911.36,52969.05,57424.01
2021-05-06,56396.52,,69523285106.0,-1.7893,57441.31,58363.32,55382.51,56396.52
2021-05-07,57356.4,,68434023376.0,1.702,56413.95,58606.63,55321.85,57356.4
2021-05-08,58803.78,,65382980634.0,2.5235,57352.77,59464.61,56975.21,58803.78
2021-05-09,58232.32,,65906690347.0,-0.9718,58877.39,59210.88,56482.0,58232.32
2021-05-10,55859.8,,71776546298.0,-4.0742,58250.87,59519.36,54071.46,55859.8
2021-05-11,56704.57,,61308396325.0,1.5123,55847.24,56872.54,54608.65,56704.57
2021-05-12,49150.54,,75215403907.0,-13.3217,56714.53,57939.36,49150.54,49150.54
2021-05-13,49716.19,,96721152926.0,1.1509,49735.43,51330.84,46980.02,49716.19
2021-05-14,49880.54,,55737497453.0,0.3306,49682.98,51438.12,48868.58,49880.54
2021-05-15,46760.19,,59161047474.0,-6.2556,49855.5,50639.66,46664.14,46760.19
2021-05-16,46456.06,,64047871555.0,-0.6504,46716.64,49720.04,43963.35,46456.06
2021-05-17,43537.51,,74903638450.0,-6.2824,46415.9,46623.56,42207.29,43537.51
2021-05-18,42909.4,,56187365084.0,-1.4427,43488.06,45812.46,42367.83,42909.4
2021-05-19,37002.44,,126358098747.0,-13.7661,42944.98,43546.12,30681.5,37002.44
2021-05-20,40782.74,,88281943359.0,10.2163,36753.67,42462.98,35050.62,40782.74
2021-05-21,37304.69,,82051616861.0,-8.5282,40596.95,42172.17,33616.45,37304.69
2021-05-22,37536.63,,57377273240.0,0.6217,37371.03,38831.05,35383.68,37536.63
2021-05-23,34770.58,,78469274361.0,-7.3689,37531.45,38289.22,31227.34,34770.58
2021-05-24,38705.98,,67359584098.0,11.3182,34700.36,39835.14,34551.08,38705.98
2021-05-25,38402.22,,56211915803.0,-0.7848,38795.78,39776.35,36581.43,38402.22
2021-05-26,39294.2,,51346735160.0,2.3227,38392.62,40782.08,37905.84,39294.2
2021-05-27,38436.97,,43210968721.0,-2.1816,39316.89,40379.62,37247.9,38436.97
2021-05-28,35697.61,,55200191952.0,-7.1269,38507.08,38856.97,34779.04,35697.61
2021-05-29,34616.07,,45231013335.0,-3.0297,35684.16,37234.5,33693.93,34616.07
2021-05-30,35678.13,,31646080921.0,3.0681,34607.41,36400.67,33520.74,35678.13
2021-05-31,37332.86,,39009847639.0,4.6379,35658.59,37468.25,34241.95,37332.86
2021-06-01,36684.93,,34639423297.0,-1.7355,37293.79,37896.73,35787.09,36684.93
2021-06-02,37575.18,,33070867190.0,2.4268,36699.92,38231.34,35966.31,37575.18
2021-06-03,39208.77,,35460750427.0,4.3475,37599.41,39478.95,37243.97,39208.77
2021-06-04,36894.41,,41831090187.0,-5.9027,39242.48,39242.48,35717.72,36894.41
2021-06-05,35551.96,,35959473399.0,-3.6386,36880.16,37917.71,34900.41,35551.96
2021-06-06,35862.38,,28913440585.0,0.8731,35538.61,36436.42,35304.58,35862.38
2021-06-07,33560.71,,33683936663.0,-6.4181,35835.27,36790.57,33480.64,33560.71
2021-06-08,33472.63,,49902050442.0,-0.2624,33589.52,34017.39,31114.44,33472.63
2021-06-09,37345.12,,53972919008.0,11.5691,33416.98,37537.37,32475.87,37345.12
2021-06-10,36702.6,,43576032854.0,-1.7205,37389.52,38334.32,35847.59,36702.6
2021-06-11,37334.4,,38699736985.0,1.7214,36697.03,37608.7,36044.45,37334.4
2021-06-12,35552.52,,37924228550.0,-4.7728,37340.14,37408.93,34728.19,35552.52
2021-06-13,39097.86,,40669112838.0,9.9721,35555.79,39322.78,34864.11,39097.86
2021-06-14,40218.48,,43148914673.0,2.8662,39016.97,40978.36,38757.29,40218.48
2021-06-15,40406.27,,46420149185.0,0.4669,40427.17,41295.27,39609.47,40406.27
2021-06-16,38347.06,,39211635100.0,-5.0963,40168.69,40516.78,38176.04,38347.06
2021-06-17,38053.5,,37096670047.0,-0.7655,38341.42,39513.67,37439.68,38053.5
2021-06-18,35787.25,,36200887275.0,-5.9555,38099.48,38187.26,35255.86,35787.25
2021-06-19,35615.87,,31207279719.0,-0.4789,35854.53,36457.8,34933.06,35615.87
2021-06-20,35698.3,,36664034054.0,0.2314,35563.14,36059.48,33432.07,35698.3
2021-06-21,31676.69,,52809038594.0,-11.2655,35641.14,35721.64,31295.94,31676.69
2021-06-22,32505.66,,58964353058.0,2.617,31622.38,33292.45,28893.62,32505.66
2021-06-23,33723.03,,46317108925.0,3.7451,32515.71,34753.41,31772.63,33723.03
2021-06-24,34662.44,,33123368116.0,2.7857,33682.8,35228.85,32385.21,34662.44
2021-06-25,31637.78,,40230904226.0,-8.726,34659.11,35487.25,31350.88,31637.78
2021-06-26,32186.28,,38585385521.0,1.7337,31594.66,32637.59,30184.5,32186.28
2021-06-27,34649.64,,35511640894.0,7.6535,32287.52,34656.13,32071.76,34649.64
2021-06-28,34434.34,,33892523752.0,-0.6214,34679.12,35219.89,33902.07,34434.34
2021-06-29,35867.78,,37901460044.0,4.1628,34475.56,36542.11,34252.48,35867.78
2021-06-30,35040.84,,34059036099.0,-2.3055,35908.39,36074.76,34086.15,35040.84
2021-07-01,33572.12,,37838957079.0,-4.1914,35035.98,35035.98,32883.78,33572.12
2021-07-02,33897.05,,38728974942.0,0.9679,33549.6,33939.59,32770.68,33897.05
2021-07-03,34668.55,,24383958643.0,2.276,33854.42,34909.26,33402.7,34668.55
2021-07-04,35287.78,,24924307911.0,1.7862,34665.57,35937.57,34396.48,35287.78
2021-07-05,33746.0,,26721554282.0,-4.3692,35284.34,35284.34,33213.66,33746.0
2021-07-06,34235.2,,26501259870.0,1.4496,33723.51,35038.54,33599.92,34235.2
2021-07-07,33855.33,,24796027477.0,-1.1096,34225.68,34997.66,33839.29,33855.33
2021-07-08,32877.37,,29910396946.0,-2.8886,33889.61,33907.91,32133.18,32877.37
2021-07-09,33798.01,,27436021028.0,2.8002,32861.67,34042.29,32318.88,33798.01
2021-07-10,33520.52,,22971873468.0,-0.821,33811.24,34209.07,33116.01,33520.52
2021-07-11,34240.19,,20108729370.0,2.1469,33509.08,34584.7,33346.74,34240.19
2021-07-12,33155.85,,24321499537.0,-3.1669,34254.02,34592.16,32697.31,33155.85
2021-07-13,32702.03,,19120856669.0,-1.3688,33125.47,33327.1,32261.42,32702.03
2021-07-14,32822.35,,21376531210.0,0.3679,32723.85,33061.4,31639.12,32822.35
2021-07-15,31780.73,,21300524237.0,-3.1735,32827.88,33159.64,31175.71,31780.73
2021-07-16,31421.54,,23699476918.0,-1.1302,31841.55,32218.41,31100.67,31421.54
2021-07-17,31533.07,,18895018942.0,0.3549,31397.31,31935.95,31223.99,31533.07
2021-07-18,31796.81,,18787986667.0,0.8364,31533.88,32399.0,31215.49,31796.81
2021-07-19,30817.83,,20434789545.0,-3.0789,31800.01,31885.86,30563.73,30817.83
2021-07-20,29807.35,,23148267245.0,-3.2789,30838.29,31006.19,29360.96,29807.35
2021-07-21,32110.69,,28203024559.0,7.7274,29796.29,32752.33,29526.18,32110.69
2021-07-22,32313.11,,19555230518.0,0.6304,32138.87,32576.4,31745.3,32313.11
2021-07-23,33581.55,,22552046192.0,3.9255,32305.96,33581.55,32057.89,33581.55
2021-07-24,34292.45,,21664706865.0,2.1169,33593.73,34490.39,33424.86,34292.45
2021-07-25,35350.19,,20856685287.0,3.0845,34290.29,35364.93,33881.84,35350.19
2021-07-26,37337.54,,51022126212.0,5.6219,35384.03,40499.68,35287.31,37337.54
2021-07-27,39406.94,,35097370560.0,5.5424,37276.04,39406.94,36441.73,39406.94
2021-07-28,39995.91,,38702404695.0,1.4946,39503.19,40816.07,38862.44,39995.91
2021-07-29,40008.42,,27167146027.0,0.0313,39995.45,40593.07,39352.06,40008.42
2021-07-30,42235.55,,33072782960.0,5.5666,40027.48,42235.55,38397.36,42235.55
2021-07-31,41626.2,,25802845343.0,-1.4427,42196.3,42231.45,41110.83,41626.2
2021-08-01,39974.89,,26688438115.0,-3.967,41460.84,42541.68,39540.94,39974.89
2021-08-02,39201.95,,25595265436.0,-1.9336,39907.26,40419.18,38746.35,39201.95
2021-08-03,38152.98,,26189830450.0,-2.6758,39178.4,39750.03,37782.05,38152.98
2021-08-04,39747.5,,25372562724.0,4.1793,38213.33,39952.3,37589.16,39747.5
2021-08-05,40869.55,,35185031017.0,2.8229,39744.52,41341.93,37458.0,40869.55
2021-08-06,42816.5,,38226483046.0,4.7638,40865.87,43271.66,39932.18,42816.5
2021-08-07,44555.8,,40030862141.0,4.0622,42832.8,44689.86,42618.57,44555.8
2021-08-08,43798.12,,36302664750.0,-1.7005,44574.44,45282.35,43331.91,43798.12
2021-08-09,46365.4,,38734079049.0,5.8616,43791.93,46456.83,42848.69,46365.4
2021-08-10,45585.03,,33546019517.0,-1.6831,46280.85,46637.99,44705.55,45585.03
2021-08-11,45593.64,,34319709073.0,0.0189,45599.7,46735.63,45351.71,45593.64
2021-08-12,44428.29,,33723620826.0,-2.5559,45576.88,46228.91,43861.45,44428.29
2021-08-13,47793.32,,31744259539.0,7.5741,44439.69,47831.98,44282.42,47793.32
2021-08-14,47096.95,,31211354442.0,-1.4571,47810.69,48098.68,46177.63,47096.95
2021-08-15,47047.0,,30988958446.0,-0.106,47096.67,47357.11,45579.59,47047.0
2021-08-16,46004.48,,32776876610.0,-2.2159,47019.96,47998.1,45700.32,46004.48
2021-08-17,44695.36,,33451362600.0,-2.8456,45936.46,47139.57,44512.42,44695.36
2021-08-18,44801.19,,32194123075.0,0.2368,44686.75,45952.06,44364.03,44801.19
2021-08-19,46717.58,,37204312299.0,4.2775,44741.88,46970.76,43998.32,46717.58
2021-08-20,49339.18,,34706867452.0,5.6116,46723.12,49342.15,46650.71,49339.18
2021-08-21,48905.49,,40585205312.0,-0.879,49327.07,49717.02,48312.2,48905.49
2021-08-22,49321.65,,25370975378.0,0.8509,48869.11,49471.61,48199.94,49321.65
2021-08-23,49546.15,,34305053719.0,0.4552,49291.68,50482.08,49074.61,49546.15
2021-08-24,47706.12,,35361168834.0,-3.7138,49562.35,49878.77,47687.12,47706.12
2021-08-25,48960.79,,32646349931.0,2.63,47727.26,49202.88,47163.61,48960.79
2021-08-26,46942.22,,32666549568.0,-4.1228,49002.64,49347.58,46405.78,46942.22
2021-08-27,49058.67,,34511076995.0,4.5086,46894.55,49112.79,46394.28,49058.67
2021-08-28,48902.4,,28568103401.0,-0.3185,49072.59,49283.5,48499.24,48902.4
2021-08-29,48829.83,,25889650240.0,-0.1484,48911.25,49644.11,47925.86,48829.83
2021-08-30,47054.98,,31847007016.0,-3.6348,48834.85,48925.61,46950.27,47054.98
2021-08-31,47166.69,,34730363427.0,0.2374,47024.34,48189.55,46750.09,47166.69
2021-09-01,48847.03,,39139399125.0,3.5626,47099.77,49111.09,46562.44,48847.03
2021-09-02,49327.72,,39508070319.0,0.9841,48807.85,50343.42,48652.32,49327.72
2021-09-03,50025.38,,43206179619.0,1.4143,49288.25,50982.27,48386.09,50025.38
2021-09-04,49944.62,,37471327794.0,-0.1614,50009.32,50545.58,49548.78,49944.62
2021-09-05,51753.41,,30322676319.0,3.6216,49937.86,51868.68,49538.6,51753.41
2021-09-06,52633.54,,38884105426.0,1.7006,51769.0,52700.94,51053.68,52633.54
2021-09-07,46811.13,,65210059683.0,-11.0622,52660.48,52853.77,43285.21,46811.13
2021-09-08,46091.39,,49007762488.0,-1.5375,46827.76,47334.05,44561.39,46091.39
2021-09-09,46391.42,,38672657013.0,0.6509,45774.74,47261.95,45669.74,46391.42
2021-09-10,44883.91,,39154666597.0,-3.2495,46396.66,47031.74,44344.48,44883.91
2021-09-11,45201.46,,34499835245.0,0.7075,44869.84,45969.29,44818.27,45201.46
2021-09-12,46063.27,,27881980161.0,1.9066,45206.63,46364.88,44790.46,46063.27
2021-09-13,44963.07,,40969943253.0,-2.3884,46057.21,46598.68,43591.32,44963.07
2021-09-14,47092.49,,38652152880.0,4.7359,44960.05,47218.12,44752.33,47092.49
2021-09-15,48176.35,,30484496466.0,2.3015,47098.0,48450.47,46773.33,48176.35
2021-09-16,47783.36,,31764293754.0,-0.8157,48158.91,48486.83,47079.56,47783.36
2021-09-17,47267.52,,28727713711.0,-1.0795,47771.0,48160.92,46832.52,47267.52
2021-09-18,48278.36,,28575630451.0,2.1386,47273.53,48791.78,47087.29,48278.36
2021-09-19,47260.22,,26967722648.0,-2.1089,48268.86,48328.37,46919.8,47260.22
2021-09-20,42843.8,,43909845642.0,-9.3449,47261.41,47328.2,42598.91,42843.8
2021-09-21,40693.68,,48701090088.0,-5.0185,43012.23,43607.61,39787.61,40693.68
2021-09-22,43574.51,,38139709246.0,7.0793,40677.95,43978.62,40625.63,43574.51
2021-09-23,44895.1,,34244064430.0,3.0306,43560.3,44942.18,43109.34,44895.1
2021-09-24,42839.75,,42839345714.0,-4.5781,44894.3,45080.49,40936.56,42839.75
2021-09-25,42716.59,,31604717236.0,-0.2875,42840.89,42996.26,41759.92,42716.59
2021-09-26,43208.54,,30661222077.0,1.1516,42721.63,43919.3,40848.46,43208.54
2021-09-27,42235.73,,30980029059.0,-2.2514,43234.18,44313.25,42190.63,42235.73
2021-09-28,41034.54,,30214940550.0,-2.844,42200.9,42775.14,40931.66,41034.54
2021-09-29,41564.36,,30602359905.0,1.2912,41064.98,42545.26,40829.67,41564.36
2021-09-30,43790.89,,31141681925.0,5.3568,41551.27,44092.6,41444.58,43790.89
2021-10-01,48116.94,,42850641582.0,9.8789,43816.74,48436.01,43320.02,48116.94
2021-10-02,47711.49,,30614346492.0,-0.8426,48137.47,48282.06,47465.5,47711.49
2021-10-03,48199.95,,26638115879.0,1.0238,47680.03,49130.69,47157.29,48199.95
2021-10-04,49112.9,,33383173002.0,1.8941,48208.91,49456.78,47045.0,49112.9
2021-10-05,51514.81,,35873904236.0,4.8906,49174.96,51839.98,49072.84,51514.81
2021-10-06,55361.45,,49034730168.0,7.467,51486.66,55568.46,50488.19,55361.45
2021-10-07,53805.98,,36807860413.0,-2.8097,55338.62,55338.62,53525.47,53805.98
2021-10-08,53967.85,,34800873924.0,0.3008,53802.14,55922.98,53688.05,53967.85
2021-10-09,54968.22,,32491211414.0,1.8536,53929.78,55397.95,53735.14,54968.22
2021-10-10,54771.58,,39527792364.0,-0.3577,54952.82,56401.3,54264.26,54771.58
2021-10-11,57484.79,,42637331698.0,4.9537,54734.12,57793.04,54519.77,57484.79
2021-10-12,56041.06,,41083758949.0,-2.5115,57526.83,57627.88,54477.97,56041.06
2021-10-13,57401.1,,41684252783.0,2.4269,56038.26,57688.66,54370.97,57401.1
2021-10-14,57321.52,,36615791366.0,-0.1386,57372.83,58478.73,56957.07,57321.52
2021-10-15,61593.95,,51780081801.0,7.4534,57345.9,62757.13,56868.14,61593.95
2021-10-16,60892.18,,34250964237.0,-1.1393,61609.53,62274.48,60206.12,60892.18
2021-10-17,61553.62,,29032367511.0,1.0862,60887.65,61645.52,59164.47,61553.62
2021-10-18,62026.08,,38055562075.0,0.7676,61548.8,62614.66,60012.76,62026.08
2021-10-19,64261.99,,40471196346.0,3.6048,62043.16,64434.54,61622.93,64261.99
2021-10-20,65992.84,,40788955582.0,2.6934,64284.59,66930.39,63610.68,65992.84
2021-10-21,62210.17,,45908121370.0,-5.7319,66002.23,66600.55,62117.41,62210.17
2021-10-22,60692.27,,38434082775.0,-2.44,62237.89,63715.02,60122.8,60692.27
2021-10-23,61393.62,,26882546034.0,1.1556,60694.63,61743.88,59826.52,61393.62
2021-10-24,60930.84,,27316183882.0,-0.7538,61368.34,61505.8,59643.34,60930.84
2021-10-25,63039.82,,31064911614.0,3.4613,60893.93,63729.32,60691.8,63039.82
2021-10-26,60363.79,,34878965587.0,-4.245,63032.76,63229.03,59991.16,60363.79
2021-10-27,58482.39,,43657076893.0,-3.1168,60352.0,61435.18,58208.19,58482.39
2021-10-28,60622.14,,45257083247.0,3.6588,58470.73,62128.63,58206.92,60622.14
2021-10-29,62227.96,,36856881767.0,2.6489,60624.87,62927.61,60329.96,62227.96
2021-10-30,61888.83,,32157938616.0,-0.545,62239.36,62330.14,60918.39,61888.83
2021-10-31,61318.96,,32241199927.0,-0.9208,61850.49,62406.17,60074.33,61318.96
2021-11-01,61004.41,,36150572843.0,-0.513,61320.45,62419.0,59695.18,61004.41
2021-11-02,63226.4,,37746665647.0,3.6424,60963.25,64242.79,60673.05,63226.4
2021-11-03,62970.05,,36124731509.0,-0.4055,63254.34,63516.94,61184.24,62970.05
2021-11-04,61452.23,,32615846901.0,-2.4104,62941.8,63123.29,60799.66,61452.23
2021-11-05,61125.68,,30605102446.0,-0.5314,61460.08,62541.47,60844.61,61125.68
2021-11-06,61527.48,,29094934221.0,0.6573,61068.88,61590.68,60163.78,61527.48
2021-11-07,63326.99,,24726754302.0,2.9247,61554.92,63326.99,61432.49,63326.99
2021-11-08,67566.83,,41125608330.0,6.6952,63344.07,67673.74,63344.07,67566.83
2021-11-09,66971.83,,42357991721.0,-0.8806,67549.73,68530.34,66382.06,66971.83
2021-11-10,64995.23,,48730828378.0,-2.9514,66953.34,68789.62,63208.11,64995.23
2021-11-11,64949.96,,35880633236.0,-0.0697,64978.89,65579.02,64180.49,64949.96
2021-11-12,64155.94,,36084893887.0,-1.2225,64863.98,65460.82,62333.91,64155.94
2021-11-13,64469.53,,30474228777.0,0.4888,64158.12,64915.68,63303.73,64469.53
2021-11-14,65466.84,,25122092191.0,1.547,64455.37,65495.18,63647.81,65466.84
2021-11-15,63557.87,,30558763548.0,-2.9159,65521.29,66281.57,63548.14,63557.87
2021-11-16,60161.25,,46844335592.0,-5.3441,63721.2,63721.2,59016.34,60161.25
2021-11-17,60368.01,,39178392930.0,0.3437,60139.62,60823.61,58515.41,60368.01
2021-11-18,56942.14,,41388338699.0,-5.675,60360.14,60948.5,56550.79,56942.14
2021-11-19,58119.58,,38702407772.0,2.0678,56896.13,58351.11,55705.18,58119.58
2021-11-20,59697.2,,30624264863.0,2.7144,58115.08,59859.88,57469.73,59697.2
2021-11-21,58730.48,,26123447605.0,-1.6194,59730.51,60004.43,58618.93,58730.48
2021-11-22,56289.29,,35036121783.0,-4.1566,58706.85,59266.36,55679.84,56289.29
2021-11-23,57569.07,,37485803899.0,2.2736,56304.55,57875.52,55632.76,57569.07
2021-11-24,56280.43,,36635566789.0,-2.2384,57565.85,57803.07,55964.22,56280.43
2021-11-25,57274.68,,34284016248.0,1.7666,57165.42,59367.97,57146.68,57274.68
2021-11-26,53569.77,,41810748221.0,-6.4687,58960.29,59183.48,53569.77,53569.77
2021-11-27,54815.08,,30560857714.0,2.3247,53736.43,55329.26,53668.36,54815.08
2021-11-28,57248.46,,28116886357.0,4.4393,54813.02,57393.84,53576.73,57248.46
2021-11-29,57806.57,,32370840356.0,0.9749,57291.91,58872.88,56792.53,57806.57
2021-11-30,57005.43,,36708594618.0,-1.3859,57830.11,59113.4,56057.28,57005.43
2021-12-01,57229.83,,36858195307.0,0.3937,56907.96,59041.68,56553.08,57229.83
2021-12-02,56477.82,,32379968686.0,-1.314,57217.37,57349.23,55895.13,56477.82
2021-12-03,53598.25,,39789134215.0,-5.0986,56509.16,57482.17,52496.59,53598.25
2021-12-04,49200.7,,61385677469.0,-8.2046,53727.88,53904.68,42874.62,49200.7
2021-12-05,49368.85,,37198201161.0,0.3418,49201.52,49768.15,47857.5,49368.85
2021-12-06,50582.62,,37707308001.0,2.4586,49413.48,50929.52,47281.04,50582.62
2021-12-07,50700.09,,33676814852.0,0.2322,50581.83,51934.78,50175.81,50700.09
2021-12-08,50504.8,,28479699446.0,-0.3852,50667.65,51171.38,48765.99,50504.8
2021-12-09,47672.12,,29603577251.0,-5.6087,50450.08,50797.16,47358.35,47672.12
2021-12-10,47243.3,,30966005122.0,-0.8995,47642.14,50015.25,47023.7,47243.3
2021-12-11,49362.51,,25775869261.0,4.4857,47264.63,49458.21,46942.35,49362.51
2021-12-12,50098.34,,21939223599.0,1.4907,49354.86,50724.87,48725.85,50098.34
2021-12-13,46737.48,,32166727776.0,-6.7085,50114.74,50205.0,45894.85,46737.48
2021-12-14,46612.63,,34638619079.0,-0.2671,46709.82,48431.4,46424.5,46612.63
2021-12-15,48896.72,,36541828520.0,4.9002,48379.75,49473.96,46671.96,48896.72
2021-12-16,47665.43,,27268150947.0,-2.5182,48900.46,49425.57,47529.88,47665.43
2021-12-17,46202.14,,32902725329.0,-3.0699,47653.73,48004.89,45618.21,46202.14
2021-12-18,46848.78,,26098292690.0,1.3996,46219.25,47313.83,45598.44,46848.78
2021-12-19,46707.02,,25154053861.0,-0.3026,46853.87,48089.66,46502.95,46707.02
2021-12-20,46880.28,,30961902129.0,0.371,46707.06,47401.72,45579.81,46880.28
2021-12-21,48936.61,,27055803928.0,4.3864,46886.08,49300.92,46698.77,48936.61
2021-12-22,48628.51,,24447979559.0,-0.6296,48937.1,49544.8,48450.94,48628.51
2021-12-23,50784.54,,28223878108.0,4.4337,48626.34,51332.34,48065.84,50784.54
2021-12-24,50822.2,,24367912228.0,0.0741,50806.05,51814.03,50514.5,50822.2
2021-12-25,50429.86,,19030650914.0,-0.772,50854.92,51176.6,50236.71,50429.86
2021-12-26,50809.52,,20964372926.0,0.7528,50428.69,51196.38,49623.11,50809.52
2021-12-27,50640.42,,24324345758.0,-0.3328,50802.61,51956.33,50499.47,50640.42
2021-12-28,47588.86,,33430376883.0,-6.0259,50679.86,50679.86,47414.21,47588.86
2021-12-29,46444.71,,30049226299.0,-2.4042,47623.87,48119.74,46201.5,46444.71
2021-12-30,47178.12,,26686491018.0,1.5791,46490.61,47879.96,46060.31,47178.12
2021-12-31,46306.45,,36974172400.0,-1.8476,47169.37,48472.53,45819.95,46306.45
2022-01-01,47686.81,,24582667004.0,2.9809,46311.75,47827.31,46288.48,47686.81
2022-01-02,47345.22,,27951569547.0,-0.7163,47680.93,47881.41,46856.94,47345.22
2022-01-03,46458.12,,33071628362.0,-1.8737,47343.54,47510.73,45835.96,46458.12
2022-01-04,45897.57,,42494677905.0,-1.2066,46458.85,47406.55,45752.46,45897.57
2022-01-05,43569.0,,36851084859.0,-5.0734,45899.36,46929.05,42798.22,43569.0
2022-01-06,43160.93,,30208048289.0,-0.9366,43565.51,43748.72,42645.54,43160.93
2022-01-07,41557.9,,84196607520.0,-3.7141,43153.57,43153.57,41077.45,41557.9
2022-01-08,41733.94,,28066355845.0,0.4236,41561.46,42228.94,40672.28,41733.94
2022-01-09,41911.6,,21294384372.0,0.4257,41734.73,42663.95,41338.16,41911.6
2022-01-10,41821.26,,32104232331.0,-0.2155,41910.23,42199.48,39796.57,41821.26
2022-01-11,42735.86,,26327648900.0,2.1869,41819.51,43001.16,41407.75,42735.86
2022-01-12,43949.1,,33499938689.0,2.8389,42742.18,44135.37,42528.99,43949.1
2022-01-13,42591.57,,47691135082.0,-3.0889,43946.74,44278.42,42447.04,42591.57
2022-01-14,43099.7,,23577403399.0,1.193,42598.87,43346.69,41982.62,43099.7
2022-01-15,43177.4,,18371348298.0,0.1803,43101.9,43724.67,42669.04,43177.4
2022-01-16,43113.88,,17902097845.0,-0.1471,43172.04,43436.81,42691.02,43113.88
2022-01-17,42250.55,,21690904261.0,-2.0024,43118.12,43179.39,41680.32,42250.55
2022-01-18,42375.63,,22417209227.0,0.296,42250.07,42534.4,41392.21,42375.63
2022-01-19,41744.33,,23091543258.0,-1.4898,42374.04,42478.3,41242.91,41744.33
2022-01-20,40680.42,,20382033940.0,-2.5486,41744.03,43413.02,40672.82,40680.42
2022-01-21,36457.32,,43011992031.0,-10.3812,40699.61,41060.53,35791.43,36457.32
2022-01-22,35030.25,,39714385405.0,-3.9143,36471.59,36688.81,34349.25,35030.25
2022-01-23,36276.8,,26017975951.0,3.5585,35047.36,36433.31,34784.97,36276.8
2022-01-24,36654.33,,41856658597.0,1.0407,36275.73,37247.52,33184.06,36654.33
2022-01-25,36954.0,,26428189594.0,0.8176,36654.8,37444.57,35779.43,36954.0
2022-01-26,36852.12,,31324598034.0,-0.2757,36950.52,38825.41,36374.91,36852.12
2022-01-27,37138.23,,25041426629.0,0.7764,36841.88,37148.32,35629.28,37138.23
2022-01-28,37784.33,,22238830523.0,1.7397,37128.45,37952.88,36211.11,37784.33
2022-01-29,38138.18,,17194183075.0,0.9365,37780.71,38576.26,37406.47,38138.18
2022-01-30,37917.6,,14643548444.0,-0.5784,38151.92,38266.34,37437.71,37917.6
2022-01-31,38483.12,,20734730465.0,1.4915,37920.28,38647.26,36733.57,38483.12
2022-02-01,38743.27,,20288500328.0,0.676,38481.77,39115.13,38113.66,38743.27
2022-02-02,36952.98,,19155189416.0,-4.6209,38743.71,38834.62,36832.73,36952.98
2022-02-03,37154.6,,18591534769.0,0.5456,36944.8,37154.6,36375.54,37154.6
2022-02-04,41500.88,,29412210792.0,11.6978,37149.27,41527.79,37093.63,41500.88
2022-02-05,41441.16,,19652846215.0,-0.1439,41501.48,41847.16,41038.1,41441.16
2022-02-06,42412.43,,16142097334.0,2.3437,41441.12,42500.79,41244.91,42412.43
2022-02-07,43840.29,,28641855926.0,3.3666,42406.78,44401.86,41748.16,43840.29
2022-02-08,44118.45,,33079398868.0,0.6345,43854.65,45293.87,42807.84,44118.45
2022-02-09,44338.8,,23245887300.0,0.4995,44096.7,44727.8,43232.97,44338.8
2022-02-10,43565.11,,32142048537.0,-1.7449,44347.8,45661.17,43402.81,43565.11
2022-02-11,42407.94,,26954925781.0,-2.6562,43571.13,43810.83,42114.54,42407.94
2022-02-12,42244.47,,18152390304.0,-0.3855,42412.3,42992.55,41852.57,42244.47
2022-02-13,42197.52,,14741589015.0,-0.1111,42236.57,42693.05,41950.94,42197.52
2022-02-14,42586.92,,20827783012.0,0.9228,42157.4,42775.78,41681.96,42586.92
2022-02-15,44575.2,,22721659051.0,4.6688,42586.46,44667.22,42491.04,44575.2
2022-02-16,43961.86,,19792547657.0,-1.376,44578.28,44578.28,43456.69,43961.86
2022-02-17,40538.01,,26246662813.0,-7.7882,43937.07,44132.97,40249.37,40538.01
2022-02-18,40030.98,,23310007704.0,-1.2508,40552.13,40929.15,39637.62,40030.98
2022-02-19,40122.16,,13736557863.0,0.2278,40026.02,40418.88,39713.06,40122.16
2022-02-20,38431.38,,18340576452.0,-4.2141,40118.1,40119.89,38112.81,38431.38
2022-02-21,37075.28,,29280402798.0,-3.5286,38423.21,39394.44,36950.48,37075.28
2022-02-22,38286.03,,25493150450.0,3.2656,37068.77,38359.86,36488.93,38286.03
2022-02-23,37296.57,,21849073843.0,-2.5844,38285.28,39122.39,37201.82,37296.57
2022-02-24,38332.61,,46383802093.0,2.7778,37278.57,38968.84,34459.22,38332.61
2022-02-25,39214.22,,26545599159.0,2.2999,38333.75,39630.32,38111.34,39214.22
2022-02-26,39105.15,,17467554129.0,-0.2781,39213.08,40005.35,38702.54,39105.15
2022-02-27,37709.79,,23450127612.0,-3.5682,39098.7,39778.94,37268.98,37709.79
2022-02-28,43193.23,,35690014104.0,14.5412,37706.0,43760.46,37518.21,43193.23
2022-03-01,44354.64,,32479047645.0,2.6889,43194.5,44793.6,42952.59,44354.64
2022-03-02,43924.12,,29183112630.0,-0.9706,44357.62,45077.58,43432.85,43924.12
2022-03-03,42451.79,,24967782593.0,-3.352,43925.2,44021.58,41914.75,42451.79
2022-03-04,39137.61,,28516271427.0,-7.8069,42458.14,42479.61,38805.85,39137.61
2022-03-05,39400.59,,16975917450.0,0.6719,39148.45,39566.34,38777.04,39400.59
2022-03-06,38419.98,,19745229902.0,-2.4888,39404.2,39640.18,38211.65,38419.98
2022-03-07,38062.04,,28546143503.0,-0.9317,38429.3,39430.23,37260.2,38062.04
2022-03-08,38737.27,,25776583476.0,1.774,38059.9,39304.44,37957.39,38737.27
2022-03-09,41982.93,,32284121034.0,8.3786,38742.82,42465.67,38706.09,41982.93
2022-03-10,39437.46,,31078064711.0,-6.0631,41974.07,42004.73,38832.94,39437.46
2022-03-11,38794.97,,26364890465.0,-1.6291,39439.97,40081.68,38347.43,38794.97
2022-03-12,38904.01,,14616450657.0,0.2811,38794.46,39308.6,38772.54,38904.01
2022-03-13,37849.66,,17300745310.0,-2.7101,38884.73,39209.35,37728.14,37849.66
2022-03-14,39666.75,,24322159070.0,4.8008,37846.32,39742.5,37680.73,39666.75
2022-03-15,39338.79,,23934000868.0,-0.8268,39664.25,39794.63,38310.21,39338.79
2022-03-16,41143.93,,39616916192.0,4.5887,39335.57,41465.45,39022.35,41143.93
2022-03-17,40951.38,,22009601093.0,-0.468,41140.84,41287.54,40662.87,40951.38
2022-03-18,41801.16,,34421564942.0,2.0751,40944.84,42195.75,40302.4,41801.16
2022-03-19,42190.65,,19664853187.0,0.9318,41794.65,42316.55,41602.67,42190.65
2022-03-20,41247.82,,20127946682.0,-2.2347,42191.41,42241.16,41004.76,41247.82
2022-03-21,41078.0,,24615543271.0,-0.4117,41246.13,41454.41,40668.04,41078.0
2022-03-22,42358.81,,32004652376.0,3.118,41074.11,43124.71,40948.28,42358.81
2022-03-23,42892.96,,25242943069.0,1.261,42364.38,42893.51,41877.51,42892.96
2022-03-24,43960.93,,31042992291.0,2.4899,42886.65,44131.86,42726.16,43960.93
2022-03-25,44348.73,,30574413034.0,0.8821,43964.55,44999.49,43706.29,44348.73
2022-03-26,44500.83,,16950455995.0,0.343,44349.86,44736.0,44166.27,44500.83
2022-03-27,46820.49,,28160889722.0,5.2126,44505.36,46827.55,44437.29,46820.49
2022-03-28,47128.0,,36362175703.0,0.6568,46821.85,48086.84,46690.2,47128.0
2022-03-29,47465.73,,31397059069.0,0.7166,47100.44,48022.29,47100.44,47465.73
2022-03-30,47062.66,,29333883962.0,-0.8492,47456.9,47655.15,46746.21,47062.66
2022-03-31,45538.68,,33327427106.0,-3.2382,47062.15,47512.03,45390.54,45538.68
2022-04-01,46281.64,,38162644287.0,1.6315,45554.16,46616.24,44403.14,46281.64
2022-04-02,45868.95,,29336594194.0,-0.8917,46285.5,47028.28,45782.51,45868.95
2022-04-03,46453.57,,25414397610.0,1.2745,45859.13,47313.48,45634.11,46453.57
2022-04-04,46622.68,,32499785455.0,0.364,46445.27,46791.09,45235.82,46622.68
2022-04-05,45555.99,,29640604055.0,-2.2879,46624.51,47106.14,45544.81,45555.99
2022-04-06,43206.74,,39393395788.0,-5.1568,45544.36,45544.36,43193.95,43206.74
2022-04-07,43503.85,,26101973106.0,0.6876,43207.5,43860.7,42899.91,43503.85
2022-04-08,42287.66,,27215995394.0,-2.7956,43505.14,43903.02,42183.29,42287.66
2022-04-09,42782.14,,16050772496.0,1.1693,42282.08,42786.82,42183.25,42782.14
2022-04-10,42207.67,,17654475582.0,-1.3428,42781.09,43376.38,42021.21,42207.67
2022-04-11,39521.9,,33949912166.0,-6.3632,42201.04,42424.59,39373.06,39521.9
2022-04-12,40127.18,,30991500854.0,1.5315,39533.71,40617.59,39388.33,40127.18
2022-04-13,41166.73,,27691105228.0,2.5906,40123.57,41430.05,39712.75,41166.73
2022-04-14,39935.52,,24342001973.0,-2.9908,41160.22,41451.48,39695.75,39935.52
2022-04-15,40553.46,,21756855753.0,1.5474,39939.4,40617.72,39866.83,40553.46
2022-04-16,40424.48,,16833150693.0,-0.3181,40552.32,40633.68,40078.43,40424.48
2022-04-17,39716.95,,19087633042.0,-1.7503,40417.78,40570.73,39620.89,39716.95
2022-04-18,40826.21,,33705182072.0,2.7929,39721.2,40986.32,38696.19,40826.21
2022-04-19,41502.75,,25303206547.0,1.6571,40828.18,41672.96,40618.63,41502.75
2022-04-20,41374.38,,27819532341.0,-0.3093,41501.75,42126.3,40961.1,41374.38
2022-04-21,40527.36,,35372786395.0,-2.0472,41371.52,42893.58,40063.83,40527.36
2022-04-22,39740.32,,28011716745.0,-1.942,40525.86,40777.76,39315.42,39740.32
2022-04-23,39486.73,,16138021249.0,-0.6381,39738.72,39935.86,39352.2,39486.73
2022-04-24,39469.29,,17964398167.0,-0.0442,39478.38,39845.93,39233.54,39469.29
2022-04-25,40458.31,,35445730570.0,2.5058,39472.61,40491.75,38338.38,40458.31
2022-04-26,38117.46,,34569088416.0,-5.7858,40448.42,40713.89,37884.98,38117.46
2022-04-27,39241.12,,30981015184.0,2.9479,38120.3,39397.92,37997.31,39241.12
2022-04-28,39773.83,,33903704907.0,1.3575,39241.43,40269.46,38941.42,39773.83
2022-04-29,38609.82,,30882994649.0,-2.9266,39768.62,39887.27,38235.54,38609.82
2022-04-30,37714.88,,23895713731.0,-2.3179,38605.86,38771.21,37697.94,37714.88
2022-05-01,38469.09,,27002760110.0,1.9998,37713.27,38627.86,37585.79,38469.09
2022-05-02,38529.33,,32922642426.0,0.1566,38472.19,39074.97,38156.56,38529.33
2022-05-03,37750.45,,27326943244.0,-2.0215,38528.11,38630.0,37585.62,37750.45
2022-05-04,39698.37,,36754404490.0,5.16,37748.01,39902.95,37732.06,39698.37
2022-05-05,36575.14,,43106256317.0,-7.8674,39695.75,39789.28,35856.52,36575.14
2022-05-06,36040.92,,37795577489.0,-1.4606,36573.18,36624.36,35482.13,36040.92
2022-05-07,35501.95,,24375896406.0,-1.4954,36042.5,36129.93,34940.82,35501.95
2022-05-08,34059.27,,36763041910.0,-4.0637,35502.94,35502.94,33878.96,34059.27
2022-05-09,30296.95,,63355494961.0,-11.0464,34060.02,34222.07,30296.95,30296.95
2022-05-10,31022.91,,59811038817.0,2.3961,30273.65,32596.31,29944.8,31022.91
2022-05-11,28936.36,,70388855818.0,-6.7258,31016.18,32013.4,28170.41,28936.36
2022-05-12,29047.75,,66989173272.0,0.385,28936.73,30032.44,26350.49,29047.75
2022-05-13,29283.1,,42841124537.0,0.8102,29030.91,30924.8,28782.33,29283.1
2022-05-14,30101.27,,28579868620.0,2.794,29285.64,30192.8,28702.91,30101.27
2022-05-15,31305.11,,25835372065.0,3.9993,30098.59,31308.19,29527.74,31305.11
2022-05-16,29862.92,,32613897286.0,-4.6069,31304.38,31305.34,29251.88,29862.92
2022-05-17,30425.86,,29101473475.0,1.8851,29862.41,30694.49,29570.3,30425.86
2022-05-18,28720.27,,31285268319.0,-5.6057,30424.48,30618.72,28720.27,28720.27
2022-05-19,30314.33,,33773447707.0,5.5503,28720.36,30430.75,28708.96,30314.33
2022-05-20,29200.74,,30749382605.0,-3.6735,30311.12,30664.98,28793.61,29200.74
2022-05-21,29432.23,,17274840442.0,0.7927,29199.86,29588.87,29027.39,29432.23
2022-05-22,30323.72,,21631532270.0,3.029,29432.47,30425.86,29275.18,30323.72
2022-05-23,29098.91,,31483454557.0,-4.0391,30309.4,30590.59,28975.56,29098.91
2022-05-24,29655.59,,26616506245.0,1.913,29101.12,29774.36,28786.59,29655.59
2022-05-25,29562.36,,27525063551.0,-0.3144,29653.13,30157.79,29384.95,29562.36
2022-05-26,29267.22,,36774325352.0,-0.9984,29564.78,29834.16,28261.91,29267.22
2022-05-27,28627.57,,36582005748.0,-2.1856,29251.14,29346.94,28326.61,28627.57
2022-05-28,28814.9,,35519577634.0,0.6544,28622.62,28814.9,28554.57,28814.9
2022-05-29,29445.96,,18093886409.0,2.19,29019.87,29498.01,28841.11,29445.96
2022-05-30,31726.39,,39277993274.0,7.7445,29443.37,31949.63,29303.57,31726.39
2022-05-31,31792.31,,33538210634.0,0.2078,31723.87,32249.86,31286.15,31792.31
2022-06-01,29799.08,,41135817341.0,-6.2695,31792.55,31957.29,29501.59,29799.08
2022-06-02,30467.49,,29083562061.0,2.243,29794.89,30604.73,29652.71,30467.49
2022-06-03,29704.39,,26175547452.0,-2.5046,30467.81,30633.04,29375.69,29704.39
2022-06-04,29832.91,,16588370958.0,0.4327,29706.14,29930.56,29500.01,29832.91
2022-06-05,29906.66,,17264085441.0,0.2472,29835.12,30117.74,29574.45,29906.66
2022-06-06,31370.67,,31947336829.0,4.8953,29910.28,31693.29,29894.19,31370.67
2022-06-07,31155.48,,40770974039.0,-0.686,31371.74,31489.68,29311.68,31155.48
2022-06-08,30214.36,,30242059107.0,-3.0207,31151.48,31253.69,29944.4,30214.36
2022-06-09,30112.0,,21692004719.0,-0.3388,30215.28,30609.31,30020.27,30112.0
2022-06-10,29083.8,,29867476527.0,-3.4146,30110.33,30245.81,28978.15,29083.8
2022-06-11,28360.81,,27246574439.0,-2.4859,29084.67,29401.92,28236.21,28360.81
2022-06-12,26762.65,,34163220274.0,-5.6351,28373.51,28502.69,26762.65,26762.65
2022-06-13,22487.39,,68204556440.0,-15.9747,26737.58,26795.59,22141.26,22487.39
2022-06-14,22206.79,,50913575242.0,-1.2478,22487.99,23018.95,20950.82,22206.79
2022-06-15,22572.84,,54912007015.0,1.6484,22196.73,22642.67,20178.38,22572.84
2022-06-16,20381.65,,31183975654.0,-9.7072,22576.3,22868.92,20265.23,20381.65
2022-06-17,20471.48,,27132421514.0,0.4407,20385.72,21243.31,20326.52,20471.48
2022-06-18,19017.64,,42009436760.0,-7.1018,20473.43,20736.04,17708.62,19017.64
2022-06-19,20553.27,,35329942625.0,8.0748,19010.9,20683.82,18067.15,20553.27
2022-06-20,20599.54,,30818458597.0,0.2251,20553.37,20913.32,19689.17,20599.54
2022-06-21,20710.6,,28970212744.0,0.5391,20594.29,21620.63,20415.06,20710.6
2022-06-22,19987.03,,28574793478.0,-3.4937,20719.41,20835.75,19848.08,19987.03
2022-06-23,21085.88,,26188097173.0,5.4978,19986.61,21135.76,19950.12,21085.88
2022-06-24,21231.66,,24957784918.0,0.6914,21084.65,21472.92,20777.51,21231.66
2022-06-25,21502.34,,18372538715.0,1.2749,21233.61,21520.91,20964.59,21502.34
2022-06-26,21027.29,,18027170497.0,-2.2093,21496.49,21783.72,21016.27,21027.29
2022-06-27,20735.48,,20965695707.0,-1.3878,21028.24,21478.09,20620.2,20735.48
2022-06-28,20280.63,,21381535161.0,-2.1936,20731.54,21164.42,20228.81,20280.63
2022-06-29,20104.02,,23552740328.0,-0.8708,20281.17,20364.16,19937.79,20104.02
2022-06-30,19784.73,,26267239923.0,-1.5882,20108.31,20141.16,18729.66,19784.73
2022-07-01,19269.37,,30767551159.0,-2.6048,19820.47,20632.67,19073.71,19269.37
2022-07-02,19242.26,,18100418740.0,-0.1407,19274.84,19371.75,19027.08,19242.26
2022-07-03,19297.08,,16390821947.0,0.2849,19242.1,19558.27,18966.95,19297.08
2022-07-04,20231.26,,21594638208.0,4.8411,19297.31,20258.75,19063.07,20231.26
2022-07-05,20190.12,,26715546990.0,-0.2034,20225.35,20635.47,19341.23,20190.12
2022-07-06,20548.25,,24598943708.0,1.7738,20194.62,20595.53,19823.51,20548.25
2022-07-07,21637.59,,25814972520.0,5.3014,20547.81,21771.82,20296.1,21637.59
2022-07-08,21731.12,,49899834488.0,0.4323,21637.15,22314.94,21257.45,21731.12
2022-07-09,21592.21,,29641127858.0,-0.6392,21716.83,21877.14,21445.96,21592.21
2022-07-10,20860.45,,28688807249.0,-3.389,21591.08,21591.08,20727.12,20860.45
2022-07-11,19970.56,,24150249025.0,-4.2659,20856.35,20856.35,19924.54,19970.56
2022-07-12,19323.91,,25810220018.0,-3.238,19970.47,20043.45,19308.53,19323.91
2022-07-13,20212.07,,33042430345.0,4.5962,19325.97,20223.05,18999.95,20212.07
2022-07-14,20569.92,,31158743333.0,1.7705,20211.47,20789.89,19689.26,20569.92
2022-07-15,20836.33,,25905575359.0,1.2951,20573.16,21138.24,20397.0,20836.33
2022-07-16,21190.32,,24302954056.0,1.6989,20834.1,21514.4,20518.9,21190.32
2022-07-17,20779.34,,22927802083.0,-1.9394,21195.04,21600.64,20778.18,20779.34
2022-07-18,22485.69,,39974475562.0,8.2117,20781.91,22633.03,20781.91,22485.69
2022-07-19,23389.43,,48765202697.0,4.0192,22467.85,23666.96,21683.41,23389.43
2022-07-20,23231.73,,42932549127.0,-0.6742,23393.19,24196.82,23009.95,23231.73
2022-07-21,23164.63,,33631012204.0,-0.2888,23233.2,23388.32,22431.15,23164.63
2022-07-22,22714.98,,31421555646.0,-1.9411,23163.75,23671.93,22603.42,22714.98
2022-07-23,22465.48,,24021799169.0,-1.0984,22706.98,22977.21,22002.91,22465.48
2022-07-24,22609.16,,23565495303.0,0.6396,22465.51,22974.0,22306.84,22609.16
2022-07-25,21361.7,,35574561406.0,-5.5175,22607.16,22649.12,21361.64,21361.7
2022-07-26,21239.75,,28624673855.0,-0.5709,21361.12,21361.12,20776.82,21239.75
2022-07-27,22930.55,,31758955233.0,7.9605,21244.17,22986.53,21070.81,22930.55
2022-07-28,23843.89,,40212386158.0,3.9831,22933.64,24110.47,22722.27,23843.89
2022-07-29,23804.63,,35887249746.0,-0.1646,23845.21,24294.79,23481.17,23804.63
2022-07-30,23656.21,,28148218301.0,-0.6235,23796.82,24572.58,23580.51,23656.21
2022-07-31,23336.9,,23553591896.0,-1.3498,23652.07,24121.64,23275.7,23336.9
2022-08-01,23314.2,,25849159141.0,-0.0973,23336.72,23464.79,22890.8,23314.2
2022-08-02,22978.12,,28389250717.0,-1.4415,23308.43,23415.04,22710.08,22978.12
2022-08-03,22846.51,,26288169966.0,-0.5728,22981.3,23578.65,22747.84,22846.51
2022-08-04,22630.96,,25120229769.0,-0.9435,22848.21,23198.01,22485.7,22630.96
2022-08-05,23289.31,,28881249043.0,2.9091,22626.83,23422.83,22612.18,23289.31
2022-08-06,22961.28,,15978259885.0,-1.4085,23291.42,23326.56,22961.28,22961.28
2022-08-07,23175.89,,15886817043.0,0.9347,22963.51,23359.01,22894.56,23175.89
2022-08-08,23809.49,,28575544847.0,2.7339,23179.53,24203.69,23176.55,23809.49
2022-08-09,23164.32,,23555719219.0,-2.7097,23811.48,23898.62,22982.0,23164.32
2022-08-10,23947.64,,32837431722.0,3.3816,23162.9,24127.41,22771.52,23947.64
2022-08-11,23957.53,,37127036580.0,0.0413,23948.35,24822.63,23901.0,23957.53
2022-08-12,24402.82,,27265804688.0,1.8587,23957.2,24412.57,23657.27,24402.82
2022-08-13,24424.07,,22987346289.0,0.0871,24402.19,24860.05,24346.12,24424.07
2022-08-14,24319.33,,22994133555.0,-0.4288,24429.06,24974.91,24206.26,24319.33
2022-08-15,24136.97,,35123501685.0,-0.7499,24318.32,25135.59,23839.78,24136.97
2022-08-16,23883.29,,27753685646.0,-1.051,24126.14,24228.42,23733.5,23883.29
2022-08-17,23336.0,,30931623076.0,-2.2915,23881.32,24407.06,23243.35,23336.0
2022-08-18,23212.74,,23747613147.0,-0.5282,23341.04,23563.83,23177.6,23212.74
2022-08-19,20877.55,,40509610260.0,-10.0599,23213.31,23213.31,20868.85,20877.55
2022-08-20,21166.06,,27595671000.0,1.3819,20872.84,21350.81,20856.73,21166.06
2022-08-21,21534.12,,23102307723.0,1.7389,21160.39,21668.85,21103.2,21534.12
2022-08-22,21398.91,,31666498758.0,-0.6279,21531.46,21531.46,20939.18,21398.91
2022-08-23,21528.09,,31878280659.0,0.6037,21401.04,21646.2,20955.14,21528.09
2022-08-24,21395.02,,31962253368.0,-0.6181,21526.46,21783.08,21195.01,21395.02
2022-08-25,21600.9,,31028679593.0,0.9623,21395.46,21789.64,21362.44,21600.9
2022-08-26,20260.02,,42326789564.0,-6.2075,21596.09,21804.91,20199.48,20260.02
2022-08-27,20041.74,,30116729776.0,-1.0774,20262.48,20340.78,19890.52,20041.74
2022-08-28,19616.81,,24366810591.0,-2.1202,20041.04,20139.05,19616.81,19616.81
2022-08-29,20297.99,,32637854078.0,3.4724,19615.15,20357.46,19600.79,20297.99
2022-08-30,19796.81,,34483360283.0,-2.4691,20298.61,20542.64,19617.64,19796.81
2022-08-31,20049.76,,33225232872.0,1.2778,19799.58,20420.99,19799.58,20049.76
2022-09-01,20127.14,,30182031010.0,0.3859,20050.5,20198.39,19653.97,20127.14
2022-09-02,19969.77,,29123998928.0,-0.7819,20126.07,20401.57,19814.77,19969.77
2022-09-03,19832.09,,23613051457.0,-0.6895,19969.72,20037.01,19698.36,19832.09
2022-09-04,19986.71,,25245861652.0,0.7797,19832.47,19999.69,19636.82,19986.71
2022-09-05,19812.37,,28813460025.0,-0.8723,19988.79,20031.16,19673.05,19812.37
2022-09-06,18837.67,,43403978910.0,-4.9197,19817.72,20155.27,18800.17,18837.67
2022-09-07,19290.32,,35239757134.0,2.4029,18837.68,19427.17,18644.47,19290.32
2022-09-08,19329.83,,32194477850.0,0.2048,19289.94,19417.35,19076.71,19329.83
2022-09-09,21381.15,,48469528171.0,10.6122,19328.14,21439.41,19310.96,21381.15
2022-09-10,21680.54,,36913738894.0,1.4002,21376.91,21760.28,21168.72,21680.54
2022-09-11,21769.26,,34493951963.0,0.4092,21678.54,21770.55,21406.95,21769.26
2022-09-12,22370.45,,50212088965.0,2.7617,21770.15,22439.18,21603.9,22370.45
2022-09-13,20296.71,,51091116622.0,-9.27,22371.48,22673.82,20062.67,20296.71
2022-09-14,20241.09,,37872380889.0,-0.274,20184.55,20467.2,19793.4,20241.09
2022-09-15,19701.21,,36389011503.0,-2.6672,20242.29,20318.17,19636.73,19701.21
2022-09-16,19772.58,,30123362273.0,0.3623,19704.01,19870.63,19400.08,19772.58
2022-09-17,20127.58,,24957448100.0,1.7954,19777.03,20162.53,19777.03,20127.58
2022-09-18,19419.51,,31254779144.0,-3.5179,20127.23,20127.23,19387.49,19419.51
2022-09-19,19544.13,,40177002624.0,0.6417,19418.57,19639.48,18390.32,19544.13
2022-09-20,18890.79,,36791346508.0,-3.3429,19545.59,19602.46,18813.46,18890.79
2022-09-21,18547.4,,46363793975.0,-1.8178,18891.28,19674.63,18290.31,18547.4
2022-09-22,19413.55,,41135767926.0,4.6699,18534.65,19456.91,18415.59,19413.55
2022-09-23,19297.64,,38896078052.0,-0.5971,19412.4,19464.67,18617.55,19297.64
2022-09-24,18937.01,,26149643168.0,-1.8688,19296.99,19310.2,18861.97,18937.01
2022-09-25,18802.1,,23359966112.0,-0.7124,18936.31,19134.73,18696.47,18802.1
2022-09-26,19222.67,,44148798321.0,2.2368,18803.9,19274.87,18721.29,19222.67
2022-09-27,19110.55,,58571439619.0,-0.5833,19221.84,20338.46,18915.67,19110.55
2022-09-28,19426.72,,53071298734.0,1.6544,19104.62,19688.34,18553.3,19426.72
2022-09-29,19573.05,,41037843771.0,0.7532,19427.78,19589.27,18924.35,19573.05
2022-09-30,19431.79,,43975248085.0,-0.7217,19573.43,20109.85,19265.66,19431.79
2022-10-01,19312.1,,18719537670.0,-0.616,19431.11,19471.15,19231.08,19312.1
2022-10-02,19044.11,,20765955327.0,-1.3877,19311.85,19370.31,18970.62,19044.11
2022-10-03,19623.58,,30484729489.0,3.0428,19044.07,19653.54,19025.23,19623.58
2022-10-04,20336.84,,35887278685.0,3.6347,19623.58,20380.34,19523.84,20336.84
2022-10-05,20160.72,,33223790572.0,-0.866,20335.9,20343.75,19801.8,20160.72
2022-10-06,19955.44,,34711412966.0,-1.0182,20161.04,20408.39,19900.09,19955.44
2022-10-07,19546.85,,29227315390.0,-2.0475,19957.56,20041.09,19395.79,19546.85
2022-10-08,19416.57,,16437423167.0,-0.6665,19546.33,19601.7,19299.41,19416.57
2022-10-09,19446.43,,16837262532.0,0.1538,19417.48,19542.54,19349.26,19446.43
2022-10-10,19141.48,,27425022774.0,-1.5681,19446.42,19515.47,19102.98,19141.48
2022-10-11,19051.42,,28711532910.0,-0.4705,19139.0,19241.96,18925.6,19051.42
2022-10-12,19157.45,,24950173846.0,0.5565,19052.65,19203.2,19029.76,19157.45
2022-10-13,19382.9,,44219840004.0,1.1769,19156.97,19453.33,18319.82,19382.9
2022-10-14,19185.66,,38452356727.0,-1.0176,19382.53,19889.15,19115.41,19185.66
2022-10-15,19067.63,,16192235532.0,-0.6152,19185.44,19212.54,19019.25,19067.63
2022-10-16,19268.09,,17988916650.0,1.0513,19068.91,19389.6,19068.91,19268.09
2022-10-17,19550.76,,27472552998.0,1.467,19268.56,19635.8,19173.33,19550.76
2022-10-18,19334.42,,30580012344.0,-1.1066,19550.47,19666.99,19144.77,19334.42
2022-10-19,19139.54,,22425387184.0,-1.0079,19335.03,19348.42,19127.69,19139.54
2022-10-20,19053.74,,24493974420.0,-0.4483,19138.09,19315.2,18971.46,19053.74
2022-10-21,19172.47,,32459287866.0,0.6231,19053.2,19237.38,18770.97,19172.47
2022-10-22,19208.19,,16104440957.0,0.1863,19172.38,19248.07,19132.24,19208.19
2022-10-23,19567.01,,22128794335.0,1.868,19207.73,19646.65,19124.2,19567.01
2022-10-24,19345.57,,30202235805.0,-1.1317,19567.77,19589.12,19206.32,19345.57
2022-10-25,20095.86,,47761524910.0,3.8783,19344.96,20348.41,19261.45,20095.86
2022-10-26,20770.44,,58895950537.0,3.3568,20092.24,20938.13,20076.12,20770.44
2022-10-27,20285.84,,49625110402.0,-2.3331,20772.8,20854.04,20255.37,20285.84
2022-10-28,20595.35,,43994715910.0,1.5258,20287.96,20724.98,20086.07,20595.35
2022-10-29,20818.48,,40369840645.0,1.0834,20595.1,20988.39,20566.48,20818.48
2022-10-30,20635.6,,31486345556.0,-0.8784,20817.98,20917.01,20547.46,20635.6
2022-10-31,20495.77,,45668466815.0,-0.6776,20633.7,20795.32,20287.46,20495.77
2022-11-01,20485.27,,39819303159.0,-0.0512,20494.9,20647.29,20359.85,20485.27
2022-11-02,20159.5,,55552169483.0,-1.5903,20482.96,20742.81,20087.13,20159.5
2022-11-03,20209.99,,43228750179.0,0.2504,20162.69,20382.1,20086.24,20209.99
2022-11-04,21147.23,,64072727950.0,4.6375,20208.77,21209.56,20188.02,21147.23
2022-11-05,21282.69,,37846047609.0,0.6406,21144.83,21446.89,21097.63,21282.69
2022-11-06,20926.49,,35082693210.0,-1.6737,21285.06,21345.38,20920.19,20926.49
2022-11-07,20602.82,,53510852236.0,-1.5467,20924.62,21053.25,20489.97,20602.82
2022-11-08,18541.27,,118992465607.0,-10.0061,20600.67,20664.61,17603.54,18541.27
2022-11-09,15880.78,,102905151606.0,-14.349,18543.76,18590.46,15682.69,15880.78
2022-11-10,17586.77,,83202283721.0,10.7425,15883.16,18054.31,15834.02,17586.77
2022-11-11,17034.29,,55871616488.0,-3.1414,17583.25,17650.94,16543.48,17034.29
2022-11-12,16799.19,,29717699419.0,-1.3802,17036.88,17066.68,16651.78,16799.19
2022-11-13,16353.37,,27209183682.0,-2.6538,16799.72,16920.77,16320.63,16353.37
2022-11-14,16618.2,,49630243054.0,1.6194,16352.03,17109.32,15872.94,16618.2
2022-11-15,16884.61,,36599436183.0,1.6031,16617.48,17051.96,16542.55,16884.61
2022-11-16,16669.44,,33925512989.0,-1.2744,16884.34,16960.29,16430.11,16669.44
2022-11-17,16687.52,,27868914022.0,0.1085,16670.43,16726.44,16460.68,16687.52
2022-11-18,16697.78,,26862218609.0,0.0615,16687.91,16947.06,16564.61,16697.78
2022-11-19,16711.55,,16106223492.0,0.0825,16696.22,16797.88,16570.41,16711.55
2022-11-20,16291.83,,21313378652.0,-2.5115,16712.92,16746.78,16248.69,16291.83
2022-11-21,15787.28,,37429485518.0,-3.0969,16291.22,16291.22,15599.05,15787.28
2022-11-22,16189.77,,30726828760.0,2.5494,15782.3,16253.05,15656.61,16189.77
2022-11-23,16610.71,,32958875628.0,2.6,16195.59,16638.19,16170.5,16610.71
2022-11-24,16604.46,,26129037414.0,-0.0376,16611.64,16771.47,16501.77,16604.46
2022-11-25,16521.84,,18678255976.0,-0.4976,16602.27,16603.32,16388.4,16521.84
2022-11-26,16464.28,,18000008764.0,-0.3484,16521.58,16666.86,16416.23,16464.28
2022-11-27,16444.63,,20443898509.0,-0.1194,16463.88,16594.41,16437.03,16444.63
2022-11-28,16217.32,,27743025156.0,-1.3822,16440.22,16482.93,16054.53,16217.32
2022-11-29,16444.98,,23581685468.0,1.4038,16217.64,16522.26,16139.4,16444.98
2022-11-30,17168.57,,29523576583.0,4.4,16445.48,17190.94,16445.48,17168.57
2022-12-01,16967.13,,22895392882.0,-1.1733,17168.0,17197.5,16888.39,16967.13
2022-12-02,17088.66,,19539705127.0,0.7163,16968.68,17088.66,16877.88,17088.66
2022-12-03,16908.24,,16217776704.0,-1.0558,17090.1,17116.04,16888.14,16908.24
2022-12-04,17130.49,,16824520830.0,1.3144,16908.17,17157.77,16903.44,17130.49
2022-12-05,16974.83,,22209086834.0,-0.9087,17128.89,17378.15,16922.43,16974.83
2022-12-06,17089.5,,19889922369.0,0.6756,16975.24,17091.86,16939.92,17089.5
2022-12-07,16848.13,,19675404389.0,-1.4124,17089.51,17109.38,16750.56,16848.13
2022-12-08,17233.47,,20496603770.0,2.2872,16847.35,17267.92,16788.78,17233.47
2022-12-09,17133.15,,20328426366.0,-0.5821,17232.15,17280.55,17100.84,17133.15
2022-12-10,17128.72,,12706781969.0,-0.0258,17134.22,17216.83,17120.68,17128.72
2022-12-11,17104.19,,14122486832.0,-0.1432,17129.71,17245.63,17091.82,17104.19
2022-12-12,17206.44,,19617581341.0,0.5978,17102.5,17212.56,16899.39,17206.44
2022-12-13,17781.32,,26634741631.0,3.3411,17206.44,17930.09,17111.76,17781.32
2022-12-14,17815.65,,25534481470.0,0.1931,17782.07,18318.53,17739.51,17815.65
2022-12-15,17364.87,,20964448341.0,-2.5303,17813.64,17846.74,17322.59,17364.87
2022-12-16,16647.48,,24031608960.0,-4.1312,17364.55,17505.53,16584.7,16647.48
2022-12-17,16795.09,,14463581825.0,0.8867,16646.98,16800.59,16614.03,16795.09
2022-12-18,16757.98,,10924354698.0,-0.221,16795.61,16815.39,16697.82,16757.98
2022-12-19,16439.68,,17221074814.0,-1.8994,16759.04,16807.53,16398.14,16439.68
2022-12-20,16906.3,,22722096615.0,2.8384,16441.79,17012.98,16427.87,16906.3
2022-12-21,16817.54,,14882945045.0,-0.5251,16904.53,16916.8,16755.91,16817.54
2022-12-22,16830.34,,16441573050.0,0.0762,16818.38,16866.67,16592.41,16830.34
2022-12-23,16796.95,,15329265213.0,-0.1984,16829.64,16905.22,16794.46,16796.95
2022-12-24,16847.76,,9744636213.0,0.3025,16796.98,16864.7,16793.53,16847.76
2022-12-25,16841.99,,11656379938.0,-0.0342,16847.51,16860.55,16755.25,16841.99
2022-12-26,16919.8,,11886957804.0,0.462,16842.25,16920.12,16812.37,16919.8
2022-12-27,16717.17,,15748580239.0,-1.1976,16919.29,16959.85,16642.07,16717.17
2022-12-28,16552.57,,17005713920.0,-0.9846,16716.4,16768.17,16497.56,16552.57
2022-12-29,16642.34,,14472237479.0,0.5423,16552.32,16651.76,16508.68,16642.34
2022-12-30,16602.59,,15929162910.0,-0.2389,16641.33,16643.43,16408.47,16602.59
2022-12-31,16547.5,,11239186456.0,-0.3318,16603.67,16628.99,16517.52,16547.5
2023-01-01,16625.08,,9244361700.0,0.4689,16547.91,16630.44,16521.23,16625.08
2023-01-02,16688.47,,12097775227.0,0.3813,16625.51,16759.34,16572.23,16688.47
2023-01-03,16679.86,,13903079207.0,-0.0516,16688.85,16760.45,16622.37,16679.86
2023-01-04,16863.24,,18421743322.0,1.0994,16680.21,16964.59,16667.76,16863.24
2023-01-05,16836.74,,13692758566.0,-0.1572,16863.47,16884.02,16790.28,16836.74
2023-01-06,16951.97,,14413662913.0,0.6844,16836.47,16991.99,16716.42,16951.97
2023-01-07,16955.08,,7714767174.0,0.0183,16952.12,16975.02,16914.19,16955.08
2023-01-08,17091.14,,9768827914.0,0.8025,16954.15,17091.14,16924.05,17091.14
2023-01-09,17196.55,,18624736866.0,0.6168,17093.99,17389.96,17093.99,17196.55
2023-01-10,17446.29,,15808338949.0,1.4523,17192.95,17484.72,17162.99,17446.29
2023-01-11,17934.9,,18372283782.0,2.8006,17446.36,17934.9,17337.99,17934.9
2023-01-12,18869.59,,34971338710.0,5.2116,18117.59,19030.09,17995.2,18869.59
2023-01-13,19909.57,,29225029694.0,5.5114,18868.91,19964.32,18753.16,19909.57
2023-01-14,20976.3,,38967784639.0,5.3578,19910.54,21075.14,19907.83,20976.3
2023-01-15,20880.8,,19298407543.0,-0.4553,20977.48,20993.75,20606.99,20880.8
2023-01-16,21169.63,,26792494050.0,1.3833,20882.22,21360.88,20715.75,21169.63
2023-01-17,21161.52,,24999983362.0,-0.0383,21175.83,21438.66,20978.53,21161.52
2023-01-18,20688.78,,30005625418.0,-2.234,21161.05,21564.5,20541.54,20688.78
2023-01-19,21086.79,,21152848261.0,1.9238,20686.75,21163.01,20685.38,21086.79
2023-01-20,22676.55,,28799154319.0,7.5391,21085.37,22692.36,20919.13,22676.55
2023-01-21,22777.62,,32442278429.0,0.4457,22677.43,23282.35,22511.83,22777.62
2023-01-22,22720.42,,24746386230.0,-0.2512,22777.99,23056.73,22387.9,22720.42
2023-01-23,22934.43,,26518700512.0,0.942,22721.09,23126.49,22654.3,22934.43
2023-01-24,22636.47,,26405069715.0,-1.2992,22929.63,23134.01,22549.74,22636.47
2023-01-25,23117.86,,30685366709.0,2.1266,22639.27,23722.1,22406.08,23117.86
2023-01-26,23032.78,,26357839322.0,-0.368,23108.96,23237.08,22911.37,23032.78
2023-01-27,23078.73,,25383335641.0,0.1995,23030.72,23417.72,22654.59,23078.73
2023-01-28,23031.09,,14712928379.0,-0.2064,23079.96,23165.9,22908.85,23031.09
2023-01-29,23774.57,,27423687259.0,3.2281,23031.45,23919.89,22985.07,23774.57
2023-01-30,22840.14,,27205595568.0,-3.9304,23774.65,23789.35,22657.58,22840.14
2023-01-31,23139.28,,22837828665.0,1.3097,22840.8,23225.02,22765.57,23139.28
2023-02-01,23723.77,,26683255504.0,2.5259,23137.84,23764.54,22877.75,23723.77
2023-02-02,23471.87,,32066936882.0,-1.0618,23720.82,24167.21,23468.6,23471.87
2023-02-03,23449.32,,27083066007.0,-0.0961,23469.41,23678.1,23279.96,23449.32
2023-02-04,23331.85,,15639298538.0,-0.501,23446.32,23556.95,23291.79,23331.85
2023-02-05,22955.67,,19564262605.0,-1.6123,23332.25,23423.44,22841.76,22955.67
2023-02-06,22760.11,,23825006542.0,-0.8519,22954.02,23119.28,22692.03,22760.11
2023-02-07,23264.29,,27187964471.0,2.2152,22757.27,23310.97,22756.26,23264.29
2023-02-08,22939.4,,25371367758.0,-1.3965,23263.42,23367.96,22731.1,22939.4
2023-02-09,21819.04,,32572572185.0,-4.884,22946.57,22996.44,21773.97,21819.04
2023-02-10,21651.18,,27078406594.0,-0.7693,21819.01,21941.19,21539.39,21651.18
2023-02-11,21870.88,,16356226232.0,1.0147,21651.84,21891.41,21618.45,21870.88
2023-02-12,21788.2,,17821046406.0,-0.378,21870.9,22060.99,21682.83,21788.2
2023-02-13,21808.1,,23918742607.0,0.0913,21787.0,21898.41,21460.09,21808.1
2023-02-14,22220.8,,26792596581.0,1.8924,21801.82,22293.14,21632.39,22220.8
2023-02-15,24307.84,,32483312909.0,9.3923,22220.59,24307.84,22082.77,24307.84
2023-02-16,23623.47,,39316664596.0,-2.8154,24307.35,25134.12,23602.52,23623.47
2023-02-17,24565.6,,41358451255.0,3.9881,23621.28,24924.04,23460.76,24565.6
2023-02-18,24641.28,,19625427158.0,0.3081,24565.3,24798.84,24468.37,24641.28
2023-02-19,24327.64,,25555105670.0,-1.2728,24640.03,25093.05,24327.64,24327.64
2023-02-20,24829.15,,28987376573.0,2.0615,24336.62,25020.46,23927.91,24829.15
2023-02-21,24436.35,,31252098714.0,-1.582,24833.05,25126.85,24200.36,24436.35
2023-02-22,24188.84,,30199996781.0,-1.0129,24437.42,24472.34,23644.32,24188.84
2023-02-23,23947.49,,30476264066.0,-0.9978,24190.72,24572.09,23693.92,23947.49
2023-02-24,23198.13,,26811744928.0,-3.1292,23946.01,24103.71,23007.07,23198.13
2023-02-25,23175.38,,16100721565.0,-0.0981,23200.12,23210.21,22861.56,23175.38
2023-02-26,23561.21,,16644534842.0,1.6649,23174.15,23654.37,23084.22,23561.21
2023-02-27,23522.87,,22660763494.0,-0.1627,23561.45,23857.89,23205.88,23522.87
2023-02-28,23147.35,,20535363434.0,-1.5964,23521.84,23585.38,23077.65,23147.35
2023-03-01,23646.55,,24662841200.0,2.1566,23150.93,23880.63,23088.63,23646.55
2023-03-02,23475.47,,20386398516.0,-0.7235,23647.02,23739.14,23245.02,23475.47
2023-03-03,22362.68,,26062404610.0,-4.7402,23476.63,23479.35,22213.24,22362.68
2023-03-04,22353.35,,11166012913.0,-0.0417,22362.92,22405.18,22198.98,22353.35
2023-03-05,22435.51,,13317001733.0,0.3676,22354.14,22613.69,22307.14,22435.51
2023-03-06,22429.76,,17353192895.0,-0.0257,22436.82,22584.29,22331.31,22429.76
2023-03-07,22219.77,,22765452204.0,-0.9362,22428.32,22527.42,22011.26,22219.77
2023-03-08,21718.08,,22536575684.0,-2.2579,22216.44,22268.9,21708.05,21718.08
2023-03-09,20363.02,,30364664171.0,-6.2393,21720.08,21802.72,20210.31,20363.02
2023-03-10,20187.24,,39578257695.0,-0.8632,20367.0,20370.6,19628.25,20187.24
2023-03-11,20632.41,,30180288176.0,2.2052,20187.88,20792.53,20068.66,20632.41
2023-03-12,22163.95,,29279035521.0,7.423,20628.03,22185.03,20448.81,22163.95
2023-03-13,24197.53,,49466362688.0,9.1752,22156.41,24550.84,21918.2,24197.53
2023-03-14,24746.07,,54622230164.0,2.2669,24201.77,26514.72,24081.18,24746.07
2023-03-15,24375.96,,43655701450.0,-1.4956,24770.93,25240.62,23964.91,24375.96
2023-03-16,25052.79,,33866061747.0,2.7766,24373.46,25190.33,24225.11,25052.79
2023-03-17,27423.93,,50730261335.0,9.4646,25055.12,27787.81,24955.17,27423.93
2023-03-18,26965.88,,35723036817.0,-1.6703,27448.12,27725.95,26636.26,26965.88
2023-03-19,28038.68,,37769448859.0,3.9783,26969.5,28440.56,26907.72,28038.68
2023-03-20,27767.24,,44774027664.0,-0.9681,28041.6,28527.72,27242.88,27767.24
2023-03-21,28175.82,,36102192830.0,1.4714,27768.39,28439.56,27439.65,28175.82
2023-03-22,27307.44,,33382021890.0,-3.082,28158.72,28803.34,26760.0,27307.44
2023-03-23,28333.97,,24220433689.0,3.7592,27301.96,28729.84,27183.36,28333.97
2023-03-24,27493.29,,25980310960.0,-2.9671,28324.11,28388.44,27039.27,27493.29
2023-03-25,27494.71,,13383005987.0,0.0052,27487.34,27791.83,27196.23,27494.71
2023-03-26,27994.33,,13878363192.0,1.8172,27495.52,28178.14,27445.05,27994.33
2023-03-27,27139.89,,18188895178.0,-3.0522,27994.07,28037.93,26606.69,27139.89
2023-03-28,27268.13,,17783600385.0,0.4725,27132.89,27460.72,26677.82,27268.13
2023-03-29,28348.44,,20684945906.0,3.9618,27267.03,28619.54,27259.66,28348.44
2023-03-30,28033.56,,22435349951.0,-1.1107,28350.14,29159.9,27720.16,28033.56
2023-03-31,28478.48,,19001327598.0,1.5871,28032.26,28639.9,27583.71,28478.48
2023-04-01,28411.04,,10876469901.0,-0.2368,28473.33,28802.46,28297.17,28411.04
2023-04-02,28199.31,,12284641999.0,-0.7452,28462.85,28518.96,27884.09,28199.31
2023-04-03,27790.22,,19556501327.0,-1.4507,28183.08,28475.62,27276.72,27790.22
2023-04-04,28168.09,,15284538859.0,1.3597,27795.27,28433.74,27681.3,28168.09
2023-04-05,28177.98,,17052315986.0,0.0351,28169.73,28739.24,27843.76,28177.98
2023-04-06,28044.14,,13837809380.0,-0.475,28175.23,28178.38,27738.76,28044.14
2023-04-07,27925.86,,10861680497.0,-0.4218,28038.97,28111.59,27794.03,27925.86
2023-04-08,27947.79,,9373255556.0,0.0785,27920.51,28159.86,27883.39,27947.79
2023-04-09,28333.05,,12175322951.0,1.3785,27952.37,28532.83,27828.48,28333.05
2023-04-10,29652.98,,19282400094.0,4.6586,28336.03,29771.46,28189.27,29652.98
2023-04-11,30235.06,,20121259843.0,1.963,29653.68,30509.08,29609.3,30235.06
2023-04-12,30139.05,,18651929926.0,-0.3175,30231.58,30462.48,29725.57,30139.05
2023-04-13,30399.07,,17487721001.0,0.8627,29892.74,30539.85,29878.62,30399.07
2023-04-14,30485.7,,22659995079.0,0.285,30409.56,31005.61,30044.5,30485.7
2023-04-15,30318.5,,11940685378.0,-0.5485,30490.75,30601.74,30245.88,30318.5
2023-04-16,30315.36,,12854816417.0,-0.0104,30315.98,30555.54,30157.83,30315.36
2023-04-17,29445.04,,17872186762.0,-2.8709,30317.15,30319.2,29275.37,29445.04
2023-04-18,30397.55,,19480529496.0,3.2349,29449.09,30470.3,29154.85,30397.55
2023-04-19,28822.68,,24571565421.0,-5.1809,30394.19,30411.05,28669.9,28822.68
2023-04-20,28245.99,,21340360360.0,-2.0008,28823.68,29076.4,28037.26,28245.99
2023-04-21,27276.91,,20759504330.0,-3.4309,28249.23,28349.97,27177.37,27276.91
2023-04-22,27817.5,,13125734602.0,1.9819,27265.89,27872.14,27169.57,27817.5
2023-04-23,27591.38,,12785446832.0,-0.8129,27816.14,27820.24,27400.31,27591.38
2023-04-24,27525.34,,17703288330.0,-0.2394,27591.73,27979.98,27070.85,27525.34
2023-04-25,28307.6,,17733373139.0,2.842,27514.87,28371.08,27207.93,28307.6
2023-04-26,28422.7,,31854242019.0,0.4066,28300.06,29995.84,27324.55,28422.7
2023-04-27,29473.79,,27153445027.0,3.6981,28428.46,29871.55,28402.89,29473.79
2023-04-28,29340.26,,17544464887.0,-0.453,29481.01,29572.79,28929.61,29340.26
2023-04-29,29248.49,,10662634333.0,-0.3128,29336.57,29452.46,29088.04,29248.49
2023-04-30,29268.81,,14652199272.0,0.0695,29245.52,29952.03,29114.02,29268.81
2023-05-01,28091.57,,18655599976.0,-4.0222,29227.1,29329.94,27680.79,28091.57
2023-05-02,28680.54,,16432924527.0,2.0966,28087.18,28881.3,27924.12,28680.54
2023-05-03,29006.31,,19122972518.0,1.1359,28680.49,29259.53,28178.39,29006.31
2023-05-04,28847.71,,15548678514.0,-0.5468,29031.3,29353.19,28694.04,28847.71
2023-05-05,29534.38,,17936566518.0,2.3803,28851.48,29668.91,28845.51,29534.38
2023-05-06,28904.62,,15913866714.0,-2.1323,29538.86,29820.13,28468.97,28904.62
2023-05-07,28454.98,,11301355486.0,-1.5556,28901.62,29157.52,28441.37,28454.98
2023-05-08,27694.27,,19122903752.0,-2.6734,28450.46,28663.27,27310.13,27694.27
2023-05-09,27658.78,,14128593256.0,-0.1282,27695.07,27821.4,27375.6,27658.78
2023-05-10,27621.76,,20656025026.0,-0.1338,27654.64,28322.69,26883.67,27621.76
2023-05-11,27000.79,,16724343943.0,-2.2481,27621.09,27621.94,26781.83,27000.79
2023-05-12,26804.99,,19313599897.0,-0.7252,26987.66,27055.65,25878.43,26804.99
2023-05-13,26784.08,,9999171605.0,-0.078,26807.77,27030.48,26710.87,26784.08
2023-05-14,26930.64,,10014858959.0,0.5472,26788.97,27150.98,26661.36,26930.64
2023-05-15,27192.69,,14413231792.0,0.9731,26931.38,27646.35,26766.1,27192.69
2023-05-16,27036.65,,12732238816.0,-0.5738,27171.51,27299.3,26878.95,27036.65
2023-05-17,27398.8,,15140006925.0,1.3395,27035.47,27465.93,26600.14,27398.8
2023-05-18,26832.21,,15222938600.0,-2.068,27401.65,27466.53,26415.1,26832.21
2023-05-19,26890.13,,11258983301.0,0.2159,26826.75,27128.62,26700.21,26890.13
2023-05-20,27129.59,,7044911360.0,0.8905,26888.84,27155.16,26843.28,27129.59
2023-05-21,26753.83,,8647416921.0,-1.3851,27118.42,27265.92,26706.92,26753.83
2023-05-22,26851.28,,11056770492.0,0.3643,26749.89,27045.73,26549.73,26851.28
2023-05-23,27225.73,,13697203143.0,1.3945,26855.96,27434.68,26816.18,27225.73
2023-05-24,26334.82,,16299104428.0,-3.2723,27224.6,27224.6,26106.58,26334.82
2023-05-25,26476.21,,13851122697.0,0.5369,26329.46,26591.52,25890.59,26476.21
2023-05-26,26719.29,,12711619225.0,0.9181,26474.18,26916.67,26343.95,26719.29
2023-05-27,26868.35,,7892015141.0,0.5579,26720.18,26888.88,26621.14,26868.35
2023-05-28,28085.65,,14545229578.0,4.5306,26871.16,28193.45,26802.75,28085.65
2023-05-29,27745.88,,15181308984.0,-1.2097,28075.59,28432.04,27563.88,27745.88
2023-05-30,27702.35,,13251081851.0,-0.1569,27745.12,28044.76,27588.5,27702.35
2023-05-31,27219.66,,15656371534.0,-1.7424,27700.53,27831.68,26866.45,27219.66
2023-06-01,26819.97,,14678970415.0,-1.4684,27218.41,27346.11,26671.72,26819.97
2023-06-02,27249.59,,14837415000.0,1.6019,26824.56,27303.86,26574.64,27249.59
2023-06-03,27075.13,,8385597470.0,-0.6402,27252.32,27317.05,26958.0,27075.13
2023-06-04,27119.07,,9360912318.0,0.1623,27075.12,27407.02,26968.22,27119.07
2023-06-05,25760.1,,21513292646.0,-5.0111,27123.11,27129.98,25445.17,25760.1
2023-06-06,27238.78,,21929670693.0,5.7402,25732.11,27313.82,25434.87,27238.78
2023-06-07,26346.0,,19530045082.0,-3.2776,27235.65,27332.18,26146.99,26346.0
2023-06-08,26508.22,,11904824295.0,0.6157,26347.65,26797.51,26246.66,26508.22
2023-06-09,26480.38,,11015551640.0,-0.105,26505.92,26770.29,26339.31,26480.38
2023-06-10,25851.24,,19872933189.0,-2.3759,26481.76,26531.04,25501.84,25851.24
2023-06-11,25940.17,,10732609603.0,0.344,25854.03,26203.44,25668.99,25940.17
2023-06-12,25902.5,,11677889997.0,-0.1452,25934.29,26087.92,25675.2,25902.5
2023-06-13,25918.73,,14143474486.0,0.0627,25902.94,26376.35,25728.37,25918.73
2023-06-14,25124.68,,14265717766.0,-3.0636,25920.26,26041.8,24902.15,25124.68
2023-06-15,25576.39,,15837384409.0,1.7979,25121.67,25735.31,24797.17,25576.39
2023-06-16,26327.46,,16324646965.0,2.9366,25575.28,26463.17,25245.36,26327.46
2023-06-17,26510.68,,11090276850.0,0.6959,26328.68,26769.39,26174.49,26510.68
2023-06-18,26336.21,,9565695129.0,-0.6581,26510.46,26675.93,26325.89,26336.21
2023-06-19,26851.03,,12826986222.0,1.9548,26335.44,26984.61,26312.83,26851.03
2023-06-20,28327.49,,22211859147.0,5.4987,26841.66,28388.97,26668.79,28327.49
2023-06-21,30027.3,,33346760979.0,6.0006,28311.31,30737.33,28283.41,30027.3
2023-06-22,29912.28,,20653160491.0,-0.383,29995.94,30496.0,29679.16,29912.28
2023-06-23,30695.47,,24115570085.0,2.6183,29896.38,31389.54,29845.21,30695.47
2023-06-24,30548.7,,12147822496.0,-0.4782,30708.74,30804.15,30290.15,30548.7
2023-06-25,30480.26,,12703464114.0,-0.224,30545.15,31041.27,30327.94,30480.26
2023-06-26,30271.13,,16493186997.0,-0.6861,30480.52,30636.03,29955.74,30271.13
2023-06-27,30688.16,,16428827944.0,1.3777,30274.32,31006.79,30236.65,30688.16
2023-06-28,30086.25,,14571500779.0,-1.9614,30696.56,30703.28,29921.82,30086.25
2023-06-29,30445.35,,13180860821.0,1.1936,30086.19,30796.25,30057.2,30445.35
2023-06-30,30477.25,,26387306197.0,0.1048,30441.35,31256.86,29600.28,30477.25
2023-07-01,30590.08,,9086606733.0,0.3702,30471.85,30641.29,30328.87,30590.08
2023-07-02,30620.77,,10533418042.0,0.1003,30587.27,30766.14,30264.02,30620.77
2023-07-03,31156.44,,15271884873.0,1.7494,30624.52,31375.61,30586.51,31156.44
2023-07-04,30777.58,,12810828427.0,-1.216,31156.87,31325.2,30659.36,30777.58
2023-07-05,30514.17,,12481622280.0,-0.8559,30778.72,30877.33,30225.61,30514.17
2023-07-06,29909.34,,21129219509.0,-1.9821,30507.15,31460.05,29892.23,29909.34
2023-07-07,30342.27,,13384770155.0,1.4475,29908.0,30434.64,29777.29,30342.27
2023-07-08,30292.54,,7509378699.0,-0.1639,30346.92,30374.44,30080.16,30292.54
2023-07-09,30171.23,,7903327692.0,-0.4005,30291.61,30427.59,30085.59,30171.23
2023-07-10,30414.47,,14828209155.0,0.8062,30172.42,31026.08,29985.39,30414.47
2023-07-11,30620.95,,12151839152.0,0.6789,30417.63,30788.31,30358.1,30620.95
2023-07-12,30391.65,,14805659717.0,-0.7488,30622.25,30959.96,30228.84,30391.65
2023-07-13,31476.05,,23686079548.0,3.5681,30387.49,31814.52,30268.35,31476.05
2023-07-14,30334.07,,20917902660.0,-3.6281,31474.72,31582.25,29966.39,30334.07
2023-07-15,30295.81,,8011667756.0,-0.1261,30331.78,30407.78,30263.46,30295.81
2023-07-16,30249.13,,8516564470.0,-0.1541,30297.47,30437.56,30089.67,30249.13
2023-07-17,30145.89,,13240156074.0,-0.3413,30249.63,30336.4,29685.78,30145.89
2023-07-18,29856.56,,13138897269.0,-0.9598,30147.07,30233.66,29556.43,29856.56
2023-07-19,29913.92,,12128602812.0,0.1921,29862.05,30184.18,29794.27,29913.92
2023-07-20,29792.02,,14655207121.0,-0.4075,29915.25,30195.53,29638.1,29792.02
2023-07-21,29908.74,,10972789818.0,0.3918,29805.11,30046.0,29733.85,29908.74
2023-07-22,29771.8,,7873300598.0,-0.4579,29908.7,29991.62,29664.12,29771.8
2023-07-23,30084.54,,9220145050.0,1.0504,29790.11,30330.64,29741.53,30084.54
2023-07-24,29176.92,,15395817395.0,-3.0169,30081.66,30093.39,28934.29,29176.92
2023-07-25,29227.39,,10266772793.0,0.173,29178.97,29353.16,29062.43,29227.39
2023-07-26,29354.97,,13497554655.0,0.4365,29225.76,29675.55,29113.91,29354.97
2023-07-27,29210.69,,10770779217.0,-0.4915,29353.8,29560.97,29099.35,29210.69
2023-07-28,29319.25,,11218474952.0,0.3716,29212.16,29521.51,29125.85,29319.25
2023-07-29,29356.92,,6481775959.0,0.1285,29319.45,29396.84,29264.17,29356.92
2023-07-30,29275.31,,8678454527.0,-0.278,29357.09,29443.17,29059.5,29275.31
2023-07-31,29230.11,,11656781982.0,-0.1544,29278.31,29489.87,29131.58,29230.11
2023-08-01,29675.73,,18272392391.0,1.5245,29230.87,29675.73,28657.02,29675.73
2023-08-02,29151.96,,19212655598.0,-1.765,29704.15,29988.0,28946.51,29151.96
2023-08-03,29178.68,,12780357746.0,0.0917,29161.81,29375.71,28959.49,29178.68
2023-08-04,29074.09,,12036639988.0,-0.3584,29174.38,29302.08,28885.34,29074.09
2023-08-05,29042.13,,6598366353.0,-0.1099,29075.39,29102.46,28957.8,29042.13
2023-08-06,29041.86,,7269806994.0,-0.0009,29043.7,29160.82,28963.83,29041.86
2023-08-07,29180.58,,13618163710.0,0.4777,29038.51,29244.28,28724.14,29180.58
2023-08-08,29765.49,,17570561357.0,2.0045,29180.02,30176.8,29113.81,29765.49
2023-08-09,29561.49,,18379521213.0,-0.6854,29766.7,30093.44,29376.8,29561.49
2023-08-10,29429.59,,11865344789.0,-0.4462,29563.97,29688.56,29354.45,29429.59
2023-08-11,29397.71,,10195168197.0,-0.1083,29424.9,29517.77,29253.52,29397.71
2023-08-12,29415.96,,6194358008.0,0.0621,29399.79,29465.11,29357.59,29415.96
2023-08-13,29282.91,,7329897180.0,-0.4523,29416.59,29441.43,29265.81,29282.91
2023-08-14,29408.44,,14013695304.0,0.4287,29283.26,29660.25,29124.11,29408.44
2023-08-15,29170.35,,12640195779.0,-0.8096,29408.05,29439.12,29088.85,29170.35
2023-08-16,28701.78,,14949271904.0,-1.6063,29169.07,29221.98,28701.78,28701.78
2023-08-17,26664.55,,31120851211.0,-7.0979,28699.8,28745.95,25409.11,26664.55
2023-08-18,26049.56,,24026236529.0,-2.3064,26636.08,26808.2,25668.92,26049.56
2023-08-19,26096.21,,10631443812.0,0.1791,26047.83,26249.45,25802.41,26096.21
2023-08-20,26189.58,,9036580420.0,0.3578,26096.86,26260.68,26004.31,26189.58
2023-08-21,26124.14,,13371557893.0,-0.2499,26188.69,26220.2,25846.09,26124.14
2023-08-22,26031.66,,14503820706.0,-0.354,26130.75,26135.51,25520.73,26031.66
2023-08-23,26431.64,,16985265785.0,1.5365,26040.47,26786.9,25805.0,26431.64
2023-08-24,26162.37,,12871532023.0,-1.0187,26431.52,26554.91,25914.93,26162.37
2023-08-25,26047.67,,12406045118.0,-0.4384,26163.68,26248.1,25786.81,26047.67
2023-08-26,26008.46,,6034817316.0,-0.1505,26047.23,26107.38,25983.88,26008.46
2023-08-27,26089.69,,6913768611.0,0.3123,26008.24,26165.37,25965.1,26089.69
2023-08-28,26106.15,,11002805166.0,0.0631,26089.62,26198.58,25880.6,26106.15
2023-08-29,27727.39,,29368391712.0,6.2102,26102.49,28089.34,25912.63,27727.39
2023-08-30,27297.27,,16343655235.0,-1.5513,27726.08,27760.16,27069.21,27297.27
2023-08-31,25931.47,,20181001451.0,-5.0034,27301.93,27456.08,25752.93,25931.47
2023-09-01,25800.72,,17202862221.0,-0.5042,25934.02,26125.87,25362.61,25800.72
2023-09-02,25868.8,,10100387473.0,0.2638,25800.91,25970.29,25753.09,25868.8
2023-09-03,25969.57,,8962524523.0,0.3895,25869.47,26087.15,25817.03,25969.57
2023-09-04,25812.42,,10680635106.0,-0.6051,25968.17,26081.53,25657.03,25812.42
2023-09-05,25779.98,,11094740040.0,-0.1257,25814.96,25858.38,25589.99,25779.98
2023-09-06,25753.24,,12752705327.0,-0.1037,25783.93,25953.02,25404.36,25753.24
2023-09-07,26240.2,,11088307100.0,1.8909,25748.31,26409.3,25608.2,26240.2
2023-09-08,25905.65,,10817356400.0,-1.2749,26245.21,26414.01,25677.48,25905.65
2023-09-09,25895.68,,5481314132.0,-0.0385,25905.43,25921.98,25810.49,25895.68
2023-09-10,25832.23,,7899553047.0,-0.245,25895.21,25978.13,25640.26,25832.23
2023-09-11,25162.65,,14600006467.0,-2.592,25831.71,25883.95,24930.3,25162.65
2023-09-12,25833.34,,18657279324.0,2.6654,25160.66,26451.94,25133.08,25833.34
2023-09-13,26228.32,,13072077070.0,1.529,25837.55,26376.11,25781.12,26228.32
2023-09-14,26539.67,,13811359124.0,1.1871,26228.28,26774.62,26171.45,26539.67
2023-09-15,26608.69,,11479735788.0,0.2601,26533.82,26840.5,26240.7,26608.69
2023-09-16,26568.28,,7402031417.0,-0.1519,26606.2,26754.77,26473.89,26568.28
2023-09-17,26534.19,,6774210670.0,-0.1283,26567.93,26618.0,26445.07,26534.19
2023-09-18,26754.28,,15615339655.0,0.8295,26532.99,27414.73,26415.52,26754.28
2023-09-19,27211.12,,13807690550.0,1.7075,26760.85,27488.76,26681.61,27211.12
2023-09-20,27132.01,,13281116604.0,-0.2907,27210.23,27379.51,26864.08,27132.01
2023-09-21,26567.63,,13371443708.0,-2.0801,27129.84,27152.94,26389.3,26567.63
2023-09-22,26579.57,,10578746709.0,0.0449,26564.06,26726.08,26495.53,26579.57
2023-09-23,26579.39,,7404700301.0,-0.0007,26578.56,26634.19,26520.52,26579.39
2023-09-24,26256.83,,8192867686.0,-1.2136,26579.37,26716.06,26221.05,26256.83
2023-09-25,26298.48,,11997833257.0,0.1586,26253.78,26421.51,26011.47,26298.48
2023-09-26,26217.25,,9985498161.0,-0.3089,26294.76,26389.88,26090.71,26217.25
2023-09-27,26352.72,,11718380997.0,0.5167,26209.5,26817.84,26111.46,26352.72
2023-09-28,27021.55,,14079002707.0,2.538,26355.81,27259.5,26327.32,27021.55
2023-09-29,26911.72,,10396435377.0,-0.4064,27024.84,27225.94,26721.76,26911.72
2023-09-30,26967.92,,5331172801.0,0.2088,26911.69,27091.79,26888.97,26967.92
2023-10-01,27983.75,,9503917434.0,3.7668,26967.4,28047.24,26965.09,27983.75
2023-10-02,27530.79,,19793041322.0,-1.6187,27976.8,28494.46,27347.79,27530.79
2023-10-03,27429.98,,11407814187.0,-0.3662,27508.25,27667.19,27216.0,27429.98
2023-10-04,27799.39,,11143355314.0,1.3468,27429.07,27826.66,27248.11,27799.39
2023-10-05,27415.91,,11877253670.0,-1.3795,27798.65,28091.86,27375.6,27415.91
2023-10-06,27946.6,,13492391599.0,1.9357,27412.12,28252.54,27215.55,27946.6
2023-10-07,27968.84,,6553044316.0,0.0796,27946.78,28028.09,27870.42,27968.84
2023-10-08,27935.09,,7916875290.0,-0.1207,27971.68,28102.17,27740.66,27935.09
2023-10-09,27583.68,,12007668568.0,-1.258,27934.47,27989.47,27302.56,27583.68
2023-10-10,27391.02,,9973350678.0,-0.6985,27589.2,27715.85,27301.65,27391.02
2023-10-11,26873.32,,13648094333.0,-1.89,27392.08,27474.12,26561.1,26873.32
2023-10-12,26756.8,,9392909295.0,-0.4336,26873.29,26921.44,26558.32,26756.8
2023-10-13,26862.38,,15165312851.0,0.3946,26752.88,27092.7,26686.32,26862.38
2023-10-14,26861.71,,5388116782.0,-0.0025,26866.2,26969.0,26814.59,26861.71
2023-10-15,27159.65,,7098201980.0,1.1092,26858.01,27289.17,26817.89,27159.65
2023-10-16,28519.47,,27833876539.0,5.0067,27162.63,29448.14,27130.47,28519.47
2023-10-17,28415.75,,14872527508.0,-0.3637,28522.1,28618.75,28110.19,28415.75
2023-10-18,28328.34,,12724128586.0,-0.3076,28413.53,28889.01,28174.25,28328.34
2023-10-19,28719.81,,14448058195.0,1.3819,28332.42,28892.47,28177.99,28719.81
2023-10-20,29682.95,,21536125230.0,3.3536,28732.81,30104.09,28601.67,29682.95
2023-10-21,29918.41,,11541146996.0,0.7933,29683.38,30287.48,29481.75,29918.41
2023-10-22,29993.9,,10446520040.0,0.2523,29918.65,30199.43,29720.31,29993.9
2023-10-23,33086.23,,38363572311.0,10.3099,30140.69,34370.44,30097.83,33086.23
2023-10-24,33901.53,,44934999645.0,2.4641,33077.3,35150.43,32880.76,33901.53
2023-10-25,34502.82,,25254318008.0,1.7736,33916.04,35133.76,33709.11,34502.82
2023-10-26,34156.65,,19427195376.0,-1.0033,34504.29,34832.91,33762.32,34156.65
2023-10-27,33909.8,,16418032871.0,-0.7227,34156.5,34238.21,33416.89,33909.8
2023-10-28,34089.57,,10160330825.0,0.5302,33907.72,34399.39,33874.8,34089.57
2023-10-29,34538.48,,11160323986.0,1.3168,34089.37,34743.26,33947.57,34538.48
2023-10-30,34502.36,,17184860315.0,-0.1046,34531.74,34843.93,34110.97,34502.36
2023-10-31,34667.78,,15758270810.0,0.4794,34500.08,34719.25,34083.31,34667.78
2023-11-01,35437.25,,22446272005.0,2.2196,34657.27,35527.93,34170.69,35437.25
2023-11-02,34938.24,,20998158544.0,-1.4082,35441.58,35919.84,34401.57,34938.24
2023-11-03,34732.32,,17158456701.0,-0.5894,34942.47,34942.47,34133.44,34732.32
2023-11-04,35082.2,,9561294264.0,1.0073,34736.32,35256.03,34616.69,35082.2
2023-11-05,35049.36,,12412743996.0,-0.0936,35090.01,35340.34,34594.24,35049.36
2023-11-06,35037.37,,12693436420.0,-0.0342,35044.79,35286.03,34765.36,35037.37
2023-11-07,35443.56,,18834737789.0,1.1593,35047.79,35892.42,34545.82,35443.56
2023-11-08,35655.28,,17295394918.0,0.5973,35419.48,35994.42,35147.8,35655.28
2023-11-09,36693.12,,37762672382.0,2.9108,35633.63,37926.26,35592.1,36693.12
2023-11-10,37313.97,,22711265155.0,1.692,36702.25,37493.8,36362.75,37313.97
2023-11-11,37138.05,,13924272142.0,-0.4715,37310.07,37407.09,36773.67,37138.05
2023-11-12,37054.52,,11545715999.0,-0.2249,37133.99,37227.69,36779.12,37054.52
2023-11-13,36502.36,,19057712790.0,-1.4901,37070.3,37405.12,36399.61,36502.36
2023-11-14,35537.64,,23857403554.0,-2.6429,36491.79,36753.35,34948.5,35537.64
2023-11-15,37880.58,,27365821679.0,6.5928,35548.11,37964.89,35383.78,37880.58
2023-11-16,36154.77,,26007385366.0,-4.5559,37879.98,37934.62,35545.47,36154.77
2023-11-17,36596.68,,22445028430.0,1.2223,36164.82,36704.48,35901.23,36596.68
2023-11-18,36585.7,,11886022717.0,-0.03,36625.37,36839.28,36233.31,36585.7
2023-11-19,37386.55,,12915986553.0,2.189,36585.77,37509.36,36414.6,37386.55
2023-11-20,37476.96,,20888209068.0,0.2418,37374.07,37756.82,36882.53,37476.96
2023-11-21,35813.81,,25172163756.0,-4.4378,37469.16,37631.14,35813.81,35813.81
2023-11-22,37432.34,,24397247860.0,4.5193,35756.55,37856.98,35670.97,37432.34
2023-11-23,37289.62,,14214948217.0,-0.3813,37420.43,37643.92,36923.86,37289.62
2023-11-24,37720.28,,22922957823.0,1.1549,37296.32,38415.34,37261.61,37720.28
2023-11-25,37796.79,,9099571165.0,0.2028,37721.41,37892.43,37617.42,37796.79
2023-11-26,37479.12,,13744796068.0,-0.8405,37796.83,37820.3,37162.75,37479.12
2023-11-27,37254.17,,19002925720.0,-0.6002,37454.19,37559.36,36750.13,37254.17
2023-11-28,37831.09,,21696137014.0,1.5486,37247.99,38368.48,36891.09,37831.09
2023-11-29,37858.49,,20728546658.0,0.0724,37826.11,38366.11,37612.63,37858.49
2023-11-30,37712.75,,18115982627.0,-0.385,37861.12,38141.75,37531.14,37712.75
2023-12-01,38688.75,,23512784002.0,2.588,37718.01,38954.11,37629.36,38688.75
2023-12-02,39476.33,,15534035612.0,2.0357,38689.28,39678.94,38652.59,39476.33
2023-12-03,39978.39,,15769696322.0,1.2718,39472.21,40135.61,39298.16,39978.39
2023-12-04,41980.1,,39856129827.0,5.007,39978.63,42371.75,39978.63,41980.1
2023-12-05,44080.65,,36312154535.0,5.0037,41986.27,44408.66,41421.15,44080.65
2023-12-06,43746.45,,29909761586.0,-0.7582,44080.02,44265.77,43478.08,43746.45
2023-12-07,43292.66,,27635760671.0,-1.0373,43769.13,44042.59,42880.65,43292.66
2023-12-08,44166.6,,24421116687.0,2.0187,43293.14,44705.52,43125.3,44166.6
2023-12-09,43725.98,,17368210171.0,-0.9976,44180.02,44361.26,43627.6,43725.98
2023-12-10,43779.7,,13000481418.0,0.1228,43728.38,44034.62,43593.29,43779.7
2023-12-11,41243.83,,40632672038.0,-5.7923,43792.02,43808.38,40234.58,41243.83
2023-12-12,41450.22,,24779520132.0,0.5004,41238.73,42048.3,40667.56,41450.22
2023-12-13,42890.74,,26797884674.0,3.4753,41468.46,43429.78,40676.87,42890.74
2023-12-14,43023.97,,25578530178.0,0.3106,42884.26,43390.86,41767.09,43023.97
2023-12-15,41929.76,,19639442462.0,-2.5433,43028.25,43087.82,41692.97,41929.76
2023-12-16,42240.12,,14386729590.0,0.7402,41937.74,42664.95,41723.11,42240.12
2023-12-17,41364.66,,16678702876.0,-2.0726,42236.11,42359.5,41274.54,41364.66
2023-12-18,42623.54,,25224642008.0,3.0434,41348.2,42720.3,40530.26,42623.54
2023-12-19,42270.53,,23171001281.0,-0.8282,42641.51,43354.3,41826.34,42270.53
2023-12-20,43652.25,,27868908174.0,3.2688,42261.3,44275.59,42223.82,43652.25
2023-12-21,43869.15,,22452766169.0,0.4969,43648.12,44240.67,43330.05,43869.15
2023-12-22,43997.9,,21028503216.0,0.2935,43868.99,44367.96,43441.97,43997.9
2023-12-23,43739.54,,13507796558.0,-0.5872,44012.2,44015.7,43351.36,43739.54
2023-12-24,43016.12,,18830554085.0,-1.6539,43728.37,43945.52,42786.92,43016.12
2023-12-25,43613.14,,21115795370.0,1.3879,43010.57,43765.09,42765.77,43613.14
2023-12-26,42520.4,,30026850982.0,-2.5055,43599.85,43603.18,41676.49,42520.4
2023-12-27,43442.86,,25260941032.0,2.1694,42518.47,43683.16,42167.58,43442.86
2023-12-28,42627.86,,22992093014.0,-1.876,43468.2,43804.78,42318.55,42627.86
2023-12-29,42099.4,,26000021055.0,-1.2397,42614.64,43124.32,41424.06,42099.4
2023-12-30,42156.9,,16013925945.0,0.1366,42091.75,42584.12,41556.23,42156.9
2023-12-31,42265.19,,16397498810.0,0.2569,42152.1,42860.94,41998.25,42265.19
2024-01-01,44167.33,,18426978443.0,4.5005,42280.23,44175.44,42214.98,44167.33
2024-01-02,44957.97,,39335274536.0,1.7901,44187.14,45899.71,44176.95,44957.97
2024-01-03,42848.18,,46342323118.0,-4.6928,44961.6,45503.24,40813.54,42848.18
2024-01-04,44179.92,,30448091210.0,3.1081,42855.82,44770.02,42675.18,44179.92
2024-01-05,44162.69,,32336029347.0,-0.039,44192.98,44353.29,42784.72,44162.69
2024-01-06,43989.2,,16092503468.0,-0.3929,44178.95,44227.63,43475.16,43989.2
2024-01-07,43943.1,,19330573863.0,-0.1048,43998.46,44495.57,43662.23,43943.1
2024-01-08,46970.5,,42746192015.0,6.8894,43948.71,47218.0,43244.08,46970.5
2024-01-09,46139.73,,39821290992.0,-1.7687,46987.64,47893.7,45244.71,46139.73
2024-01-10,46627.78,,50114613298.0,1.0578,46121.54,47647.22,44483.15,46627.78
2024-01-11,46368.59,,45833734549.0,-0.5559,46656.07,48969.37,45678.64,46368.59
2024-01-12,42853.17,,43332698900.0,-7.5815,46354.79,46498.14,41903.77,42853.17
2024-01-13,42842.38,,20601860469.0,-0.0252,42799.45,43234.66,42464.14,42842.38
2024-01-14,41796.27,,17521429522.0,-2.4418,42842.26,43065.6,41724.61,41796.27
2024-01-15,42511.97,,22320220558.0,1.7124,41715.07,43319.72,41705.42,42511.97
2024-01-16,43154.95,,24062872740.0,1.5125,42499.34,43566.27,42086.0,43154.95
2024-01-17,42742.65,,20851232595.0,-0.9554,43132.1,43189.89,42189.31,42742.65
2024-01-18,41262.06,,25218357242.0,-3.464,42742.31,42876.35,40631.17,41262.06
2024-01-19,41618.41,,25752407154.0,0.8636,41278.46,42134.16,40297.46,41618.41
2024-01-20,41665.59,,11586690904.0,0.1134,41624.59,41877.89,41446.82,41665.59
2024-01-21,41545.79,,9344043642.0,-0.2875,41671.49,41855.37,41497.01,41545.79
2024-01-22,39507.37,,31338708143.0,-4.9064,41553.65,41651.21,39450.12,39507.37
2024-01-23,39845.55,,29244553045.0,0.856,39518.71,40127.35,38521.89,39845.55
2024-01-24,40077.07,,22359526178.0,0.5811,39877.59,40483.79,39508.8,40077.07
2024-01-25,39933.81,,18491782013.0,-0.3575,40075.55,40254.48,39545.66,39933.81
2024-01-26,41816.87,,25598119893.0,4.7155,39936.82,42209.39,39825.69,41816.87
2024-01-27,42120.05,,11422941934.0,0.725,41815.62,42195.63,41431.28,42120.05
2024-01-28,42035.59,,16858971687.0,-0.2005,42126.12,42797.18,41696.91,42035.59
2024-01-29,43288.25,,20668476578.0,2.98,42030.91,43305.87,41818.33,43288.25
2024-01-30,42952.61,,23842814518.0,-0.7754,43300.23,43838.95,42711.37,42952.61
2024-01-31,42582.61,,24673628793.0,-0.8614,42946.25,43717.41,42298.95,42582.61
2024-02-01,43075.77,,21423953779.0,1.1581,42569.76,43243.17,41879.19,43075.77
2024-02-02,43185.86,,18603843039.0,0.2556,43077.64,43422.49,42584.34,43185.86
2024-02-03,42992.25,,11169245236.0,-0.4483,43184.96,43359.94,42890.81,42992.25
2024-02-04,42583.58,,14802225490.0,-0.9506,42994.94,43097.64,42374.83,42583.58
2024-02-05,42658.67,,18715487317.0,0.1763,42577.62,43494.25,42264.82,42658.67
2024-02-06,43084.67,,16798476726.0,0.9986,42657.39,43344.15,42529.02,43084.67
2024-02-07,44318.22,,21126587775.0,2.8631,43090.02,44341.95,42775.96,44318.22
2024-02-08,45301.57,,26154524080.0,2.2188,44332.12,45575.84,44332.12,45301.57
2024-02-09,47147.2,,39316770844.0,4.0741,45297.38,48152.5,45260.82,47147.2
2024-02-10,47771.28,,16398681570.0,1.3237,47153.53,48146.17,46905.32,47771.28
2024-02-11,48293.92,,19315867136.0,1.094,47768.97,48535.94,47617.41,48293.92
2024-02-12,49958.22,,34511985805.0,3.4462,48296.39,50280.48,47745.76,49958.22
2024-02-13,49742.44,,35593051468.0,-0.4319,49941.36,50358.39,48406.5,49742.44
2024-02-14,51826.7,,39105608050.0,4.1901,49733.45,52021.37,49296.83,51826.7
2024-02-15,51938.55,,38564360533.0,0.2158,51836.79,52820.07,51371.63,51938.55
2024-02-16,52160.2,,28180567298.0,0.4268,51937.73,52537.97,51641.37,52160.2
2024-02-17,51663.0,,20009091006.0,-0.9532,52161.68,52191.91,50669.67,51663.0
2024-02-18,52122.55,,17595377311.0,0.8895,51661.97,52356.96,51233.71,52122.55
2024-02-19,51779.14,,21362184346.0,-0.6588,52134.81,52483.32,51711.82,51779.14
2024-02-20,52284.88,,33353758256.0,0.9767,51777.73,52945.05,50792.31,52284.88
2024-02-21,51839.18,,28624907020.0,-0.8524,52273.54,52368.82,50671.76,51839.18
2024-02-22,51304.97,,25413900611.0,-1.0305,51854.64,52009.61,50926.29,51304.97
2024-02-23,50731.95,,21427078270.0,-1.1169,51283.91,51497.93,50561.78,50731.95
2024-02-24,51571.1,,15174077879.0,1.6541,50736.37,51684.2,50585.45,51571.1
2024-02-25,51733.24,,15413239245.0,0.3144,51565.21,51950.03,51306.17,51733.24
2024-02-26,54522.4,,34074411896.0,5.3914,51730.54,54938.18,50931.03,54522.4
2024-02-27,57085.37,,49756832031.0,4.7008,54519.36,57537.84,54484.2,57085.37
2024-02-28,62504.79,,83239156760.0,9.4935,57071.1,63913.13,56738.43,62504.79
2024-02-29,61198.38,,65496611844.0,-2.0901,62499.18,63585.64,60498.73,61198.38
2024-03-01,62440.63,,40186368423.0,2.0299,61168.06,63155.1,60802.53,62440.63
2024-03-02,62029.85,,23888473685.0,-0.6579,62431.65,62458.7,61657.29,62029.85
2024-03-03,63167.37,,26253811450.0,1.8338,62031.58,63230.21,61435.02,63167.37
2024-03-04,68330.41,,70670471105.0,8.1736,63137.0,68537.03,62386.52,68330.41
2024-03-05,63801.2,,102802940877.0,-6.6284,68341.05,69170.62,59323.91,63801.2
2024-03-06,66106.8,,68750229073.0,3.6137,63776.05,67637.93,62848.67,66106.8
2024-03-07,66925.48,,46989543159.0,1.2384,66099.74,68029.92,65655.53,66925.48
2024-03-08,68300.09,,59202881172.0,2.0539,66938.09,70083.05,66230.45,68300.09
2024-03-09,68498.88,,21609650379.0,0.2911,68299.26,68673.05,68053.12,68498.88
2024-03-10,69019.79,,35683977532.0,0.7605,68500.26,70005.2,68239.98,69019.79
2024-03-11,72123.91,,65716656765.0,4.4974,69020.55,72850.71,67194.88,72123.91
2024-03-12,71481.29,,62554434520.0,-0.891,72125.12,72825.66,68728.85,71481.29
2024-03-13,73083.5,,48212536929.0,2.2414,71482.12,73637.48,71334.09,73083.5
2024-03-14,71396.59,,59594605698.0,-2.3082,73079.38,73750.07,68563.02,71396.59
2024-03-15,69403.77,,78320453976.0,-2.7912,71387.88,72357.13,65630.7,69403.77
2024-03-16,65315.12,,46842198371.0,-5.8911,69392.48,70046.27,64801.39,65315.12
2024-03-17,68390.62,,44716864318.0,4.7087,65316.34,68845.72,64545.32,68390.62
2024-03-18,67548.59,,49261579492.0,-1.2312,68371.3,68897.13,66594.23,67548.59
2024-03-19,61912.77,,74215844794.0,-8.3434,67556.13,68106.93,61536.18,61912.77
2024-03-20,67913.67,,66792634382.0,9.6925,61930.16,68115.26,60807.79,67913.67
2024-03-21,65491.39,,44480350565.0,-3.5667,67911.59,68199.99,64580.92,65491.39
2024-03-22,63778.76,,41401116964.0,-2.615,65489.93,66623.75,62355.37,63778.76
2024-03-23,64062.2,,24738964812.0,0.4444,63802.72,65976.4,63038.49,64062.2
2024-03-24,67234.17,,27206630673.0,4.9514,64070.75,67622.76,63825.85,67234.17
2024-03-25,69958.81,,42700139523.0,4.0525,67234.09,71162.59,66414.84,69958.81
2024-03-26,69987.84,,36010437368.0,0.0415,69931.33,71535.74,69335.61,69987.84
2024-03-27,69455.34,,40827113309.0,-0.7608,69991.9,71727.69,68381.93,69455.34
2024-03-28,70744.95,,34374900617.0,1.8567,69452.77,71546.02,68895.51,70744.95
2024-03-29,69892.83,,25230851763.0,-1.2045,70744.8,70913.09,69076.66,69892.83
2024-03-30,69645.3,,17130241883.0,-0.3541,69893.45,70355.49,69601.06,69645.3
2024-03-31,71333.65,,20050941373.0,2.4242,69647.78,71377.78,69624.87,71333.65
2024-04-01,69702.15,,34873527352.0,-2.2871,71333.48,71342.09,68110.7,69702.15
2024-04-02,65446.97,,50705240709.0,-6.1048,69705.02,69708.38,64586.59,65446.97
2024-04-03,65980.81,,34488018367.0,0.8157,65446.67,66914.32,64559.9,65980.81
2024-04-04,68508.84,,34439527442.0,3.8315,65975.7,69291.26,65113.8,68508.84
2024-04-05,67837.64,,33748230056.0,-0.9797,68515.76,68725.76,66011.48,67837.64
2024-04-06,68896.11,,19967785809.0,1.5603,67840.57,69629.6,67491.72,68896.11
2024-04-07,69362.55,,21204930369.0,0.677,68897.11,70284.43,68851.63,69362.55
2024-04-08,71631.36,,37261432669.0,3.2709,69362.55,72715.36,69064.24,71631.36
2024-04-09,69139.02,,36426900409.0,-3.4794,71632.5,71742.51,68212.92,69139.02
2024-04-10,70587.88,,38318601774.0,2.0956,69140.24,71093.43,67503.56,70587.88
2024-04-11,70060.61,,30153382941.0,-0.747,70575.73,71256.23,69571.81,70060.61
2024-04-12,67195.87,,44129299406.0,-4.0889,70061.38,71222.74,65254.84,67195.87
2024-04-13,63821.47,,52869738185.0,-5.0217,67188.38,67931.43,60919.11,63821.47
2024-04-14,65738.73,,49084320047.0,3.0041,63836.23,65824.43,62205.85,65738.73
2024-04-15,63426.21,,43595917654.0,-3.5177,65739.65,66878.65,62332.07,63426.21
2024-04-16,63811.86,,42847528078.0,0.608,63419.3,64355.67,61716.4,63811.86
2024-04-17,61276.69,,41915247049.0,-3.9729,63831.85,64486.36,59768.59,61276.69
2024-04-18,63512.75,,36006307335.0,3.6491,61275.32,64125.69,60833.48,63512.75
2024-04-19,63843.57,,49920425401.0,0.5209,63510.75,65481.6,59651.39,63843.57
2024-04-20,64994.44,,23097485495.0,1.8026,63851.1,65442.46,63172.4,64994.44
2024-04-21,64926.64,,20506644853.0,-0.1043,64992.82,65723.24,64277.72,64926.64
2024-04-22,66837.68,,28282686673.0,2.9434,64935.63,67233.96,64548.18,66837.68
2024-04-23,66407.27,,24310975583.0,-0.644,66839.89,67199.24,65864.87,66407.27
2024-04-24,64276.9,,30276655120.0,-3.208,66408.72,67075.37,63589.87,64276.9
2024-04-25,64481.71,,32155786816.0,0.3186,64275.02,65275.21,62783.63,64481.71
2024-04-26,63755.32,,24139372950.0,-1.1265,64485.37,64789.66,63322.4,63755.32
2024-04-27,63419.14,,19530783039.0,-0.5273,63750.99,63898.36,62424.72,63419.14
2024-04-28,63113.23,,17334827993.0,-0.4824,63423.52,64321.48,62793.6,63113.23
2024-04-29,63841.12,,26635912073.0,1.1533,63106.36,64174.88,61795.46,63841.12
2024-04-30,60636.86,,37840840057.0,-5.0191,63839.42,64703.33,59120.07,60636.86
2024-05-01,58254.01,,48439780271.0,-3.9297,60609.5,60780.5,56555.29,58254.01
2024-05-02,59123.43,,32711813559.0,1.4925,58253.7,59602.3,56937.2,59123.43
2024-05-03,62889.84,,33172023048.0,6.3704,59122.3,63320.5,58848.31,62889.84
2024-05-04,63891.47,,20620477992.0,1.5927,62891.03,64494.96,62599.35,63891.47
2024-05-05,64031.13,,18296164805.0,0.2186,63892.45,64610.89,62955.3,64031.13
2024-05-06,63161.95,,28697928697.0,-1.3574,64038.31,65494.9,62746.24,63161.95
2024-05-07,62334.82,,25930730982.0,-1.3095,63162.76,64390.46,62285.98,62334.82
2024-05-08,61187.94,,26088172222.0,-1.8399,62332.64,62986.09,60877.13,61187.94
2024-05-09,63049.96,,25453338161.0,3.0431,61191.2,63404.91,60648.07,63049.96
2024-05-10,60792.78,,27804954694.0,-3.58,63055.19,63446.74,60208.78,60792.78
2024-05-11,60793.71,,13842272968.0,0.0015,60793.36,61451.15,60492.62,60793.71
2024-05-12,61448.39,,13800459405.0,1.0769,60793.5,61818.16,60632.6,61448.39
2024-05-13,62901.45,,27889181179.0,2.3647,61451.22,63422.66,60769.84,62901.45
2024-05-14,61552.79,,28186271527.0,-2.1441,62900.77,63092.12,61123.77,61552.79
2024-05-15,66267.49,,39815167074.0,7.6596,61553.99,66454.45,61330.41,66267.49
2024-05-16,65231.58,,31573077994.0,-1.5632,66256.11,66712.43,64613.05,65231.58
2024-05-17,67051.88,,28031279310.0,2.7905,65231.3,67459.46,65119.32,67051.88
2024-05-18,66940.8,,16712277406.0,-0.1656,67066.21,67387.33,66663.5,66940.8
2024-05-19,66278.37,,19249094538.0,-0.9896,66937.93,67694.3,65937.18,66278.37
2024-05-20,71448.2,,43850655717.0,7.8002,66278.74,71483.56,66086.17,71448.2
2024-05-21,70136.53,,46932005990.0,-1.8358,71443.06,71946.46,69191.12,70136.53
2024-05-22,69122.34,,32802561717.0,-1.446,70135.32,70623.7,68977.7,69122.34
2024-05-23,67929.56,,41895680979.0,-1.7256,69121.3,70041.27,66356.95,67929.56
2024-05-24,68526.1,,29197308153.0,0.8782,67928.13,69220.3,66622.67,68526.1
2024-05-25,69265.95,,15473071741.0,1.0797,68526.92,69579.32,68515.82,69265.95
2024-05-26,68518.09,,15628433737.0,-1.0797,69264.29,69506.23,68183.89,68518.09
2024-05-27,69394.55,,25870990717.0,1.2792,68512.18,70597.88,68232.5,69394.55
2024-05-28,68296.22,,32722265965.0,-1.5827,69392.2,69514.64,67227.16,68296.22
2024-05-29,67578.09,,26707072906.0,-1.0515,68296.35,68852.46,67101.49,67578.09
2024-05-30,68364.99,,29509712534.0,1.1644,67576.09,69500.54,67118.08,68364.99
2024-05-31,67491.41,,27387283769.0,-1.2778,68362.52,68999.56,66633.42,67491.41
2024-06-01,67706.94,,11641495604.0,0.3193,67489.61,67839.77,67386.2,67706.94
2024-06-02,67751.6,,17110588415.0,0.066,67710.27,68409.16,67315.52,67751.6
2024-06-03,68804.78,,32401285324.0,1.5545,67753.9,70230.82,67589.84,68804.78
2024-06-04,70567.77,,33149696545.0,2.5623,68804.57,71047.41,68564.64,70567.77
2024-06-05,71082.82,,32810771409.0,0.7299,70568.35,71735.41,70390.71,71082.82
2024-06-06,70757.16,,25223152007.0,-0.4581,71082.84,71625.73,70119.12,70757.16
2024-06-07,69342.59,,36188381096.0,-1.9992,70759.19,71907.85,68507.26,69342.59
2024-06-08,69305.77,,14262185861.0,-0.0531,69324.18,69533.32,69210.74,69305.77
2024-06-09,69647.99,,13534028500.0,0.4938,69297.49,69817.52,69160.84,69647.99
2024-06-10,69512.28,,20597699541.0,-0.1949,69644.31,70146.07,69232.42,69512.28
2024-06-11,67332.03,,37116136345.0,-3.1365,69508.08,69549.41,66123.6,67332.03
2024-06-12,68241.19,,34497940694.0,1.3503,67321.38,69977.89,66902.45,68241.19
2024-06-13,66756.4,,28955204146.0,-2.1758,68243.1,68365.78,66304.56,66756.4
2024-06-14,66011.09,,27403884779.0,-1.1165,66747.57,67294.65,65056.89,66011.09
2024-06-15,66191.0,,14121265576.0,0.2725,66006.74,66402.19,65871.77,66191.0
2024-06-16,66639.05,,13281140541.0,0.6769,66189.36,66894.84,66018.25,66639.05
2024-06-17,66490.3,,30006354476.0,-0.2232,66636.52,67188.32,65094.96,66490.3
2024-06-18,65140.75,,39481285950.0,-2.0297,66490.98,66556.7,64066.96,65140.75
2024-06-19,64960.3,,21103423504.0,-0.277,65146.66,65695.35,64693.3,64960.3
2024-06-20,64828.66,,25641109124.0,-0.2026,64960.3,66438.96,64547.85,64828.66
2024-06-21,64096.2,,26188171739.0,-1.1298,64837.99,65007.55,63378.89,64096.2
2024-06-22,64252.58,,9858198793.0,0.244,64113.86,64475.47,63929.76,64252.58
2024-06-23,63180.8,,11170471802.0,-1.6681,64248.96,64491.7,63180.8,63180.8
2024-06-24,60277.41,,43152133651.0,-4.5954,63173.35,63292.53,58601.7,60277.41
2024-06-25,61804.64,,29201215431.0,2.5337,60266.28,62258.26,60239.75,61804.64
2024-06-26,60811.28,,22506003064.0,-1.6073,61789.68,62434.14,60695.19,60811.28
2024-06-27,61604.8,,21231745045.0,1.3049,60811.23,62293.86,60585.33,61604.8
2024-06-28,60320.14,,24952866877.0,-2.0853,61612.8,62126.1,59985.4,60320.14
2024-06-29,60887.38,,12652903396.0,0.9404,60319.88,61097.62,60300.96,60887.38
2024-06-30,62678.29,,17333226409.0,2.9414,60888.45,62892.83,60632.95,62678.29
2024-07-01,62851.98,,25468379421.0,0.2771,62673.61,63777.23,62495.51,62851.98
2024-07-02,62029.02,,20151616992.0,-1.3094,62844.41,63203.36,61752.75,62029.02
2024-07-03,60173.92,,29756701685.0,-2.9907,62034.33,62187.7,59419.39,60173.92
2024-07-04,56977.7,,41149609230.0,-5.3116,60147.14,60399.68,56777.8,56977.7
2024-07-05,56662.38,,55417544033.0,-0.5534,57022.81,57497.15,53717.38,56662.38
2024-07-06,58303.54,,20610320577.0,2.8964,56659.07,58472.55,56038.96,58303.54
2024-07-07,55849.11,,20553359505.0,-4.2097,58239.43,58371.12,55793.32,55849.11
2024-07-08,56705.1,,39766159899.0,1.5327,55849.57,58131.34,54321.02,56705.1
2024-07-09,58009.23,,27849512607.0,2.2998,56704.6,58239.2,56316.88,58009.23
2024-07-10,57742.5,,26175260526.0,-0.4598,58033.88,59359.43,57178.41,57742.5
2024-07-11,57344.91,,28707803842.0,-0.6885,57729.89,59299.43,57120.38,57344.91
2024-07-12,57899.46,,25604805221.0,0.967,57341.2,58532.55,56590.18,57899.46
2024-07-13,59231.95,,17080061806.0,2.3014,57908.74,59787.08,57796.44,59231.95
2024-07-14,60787.79,,22223416061.0,2.6267,59225.25,61329.53,59225.25,60787.79
2024-07-15,64870.15,,38094526099.0,6.7158,60815.46,64870.15,60704.93,64870.15
2024-07-16,65097.15,,41617346768.0,0.3499,64784.42,65354.34,62487.97,65097.15
2024-07-17,64118.79,,32525071311.0,-1.5029,65091.83,66066.73,63896.09,64118.79
2024-07-18,63974.07,,27239305337.0,-0.2257,64104.74,65104.66,63246.16,63974.07
2024-07-19,66710.16,,37003855410.0,4.2769,63972.32,67442.64,63329.34,66710.16
2024-07-20,67163.65,,19029581250.0,0.6798,66709.92,67610.73,66299.62,67163.65
2024-07-21,68154.52,,26652190004.0,1.4753,67164.91,68372.91,65842.3,68154.52
2024-07-22,67585.25,,42649109453.0,-0.8353,68152.98,68480.06,66611.3,67585.25
2024-07-23,65927.67,,35605668666.0,-2.4526,67584.8,67779.02,65484.46,65927.67
2024-07-24,65372.13,,27470942309.0,-0.8426,65927.86,67113.98,65147.0,65372.13
2024-07-25,65777.23,,38315761670.0,0.6197,65375.88,66112.42,63473.47,65777.23
2024-07-26,67912.06,,30488630457.0,3.2456,65771.81,68207.6,65743.77,67912.06
2024-07-27,67813.34,,34691905492.0,-0.1454,67911.81,69398.51,66705.22,67813.34
2024-07-28,68255.87,,18043166945.0,0.6526,67808.66,68301.85,67085.83,68255.87
2024-07-29,66819.91,,40780682628.0,-2.1038,68259.05,69987.54,66532.59,66819.91
2024-07-30,66201.02,,31380492109.0,-0.9262,66819.05,66987.67,65323.19,66201.02
2024-07-31,64619.25,,31292785994.0,-2.3893,66201.27,66810.21,64532.05,64619.25
2024-08-01,65357.5,,40975554494.0,1.1425,64625.84,65593.24,62248.94,65357.5
2024-08-02,61415.07,,43060875727.0,-6.0321,65353.5,65523.22,61184.89,61415.07
2024-08-03,60680.09,,31753030589.0,-1.1967,61414.81,62148.37,59836.53,60680.09
2024-08-04,58116.98,,31758917219.0,-4.224,60676.09,61062.99,57210.8,58116.98
2024-08-05,53991.46,,108991085584.0,-7.0986,58110.3,58268.83,49121.24,53991.46
2024-08-06,56034.32,,49300484106.0,3.7837,53991.35,57059.92,53973.27,56034.32
2024-08-07,55027.46,,41637562185.0,-1.7969,56040.63,57726.88,54620.51,55027.46
2024-08-08,61710.14,,45298472567.0,12.1443,55030.03,62673.77,54766.73,61710.14
2024-08-09,60880.11,,33425553115.0,-1.345,61728.21,61751.86,59587.86,60880.11
2024-08-10,60945.81,,15745822278.0,0.1079,60881.23,61464.51,60287.57,60945.81
2024-08-11,58719.48,,22759754812.0,-3.653,60944.89,61778.66,58348.82,58719.48
2024-08-12,59354.52,,37078637820.0,1.0815,58719.39,60680.33,57688.9,59354.52
2024-08-13,60609.57,,30327698167.0,2.1145,59356.21,61572.4,58506.25,60609.57
2024-08-14,58737.27,,29961696180.0,-3.0891,60611.05,61687.76,58472.88,58737.27
2024-08-15,57560.1,,35682112440.0,-2.0041,58733.26,59838.65,56161.59,57560.1
2024-08-16,58894.11,,29350938673.0,2.3176,57560.27,59847.36,57110.02,58894.11
2024-08-17,59478.97,,13589684021.0,0.9931,58893.53,59694.67,58814.83,59478.97
2024-08-18,58483.96,,17740625837.0,-1.6729,59468.13,60262.72,58445.4,58483.96
2024-08-19,59493.45,,25911207712.0,1.7261,58480.71,59612.66,57864.71,59493.45
2024-08-20,59012.79,,31613400008.0,-0.8079,59493.45,61396.33,58610.88,59012.79
2024-08-21,61175.19,,32731154072.0,3.6643,59014.99,61834.35,58823.45,61175.19
2024-08-22,60381.91,,27625734377.0,-1.2967,61168.32,61408.11,59815.25,60381.91
2024-08-23,64094.36,,42530509233.0,6.1483,60380.95,64947.06,60372.05,64094.36
2024-08-24,64178.99,,21430585163.0,0.1321,64103.87,64513.79,63619.92,64178.99
2024-08-25,64333.54,,18827683555.0,0.2408,64176.37,64996.42,63833.52,64333.54
2024-08-26,62880.66,,27682040631.0,-2.2584,64342.23,64489.71,62849.56,62880.66
2024-08-27,59504.13,,39103882198.0,-5.3697,62879.71,63210.8,58116.75,59504.13
2024-08-28,59027.62,,40289564698.0,-0.8008,59507.93,60236.45,57890.68,59027.62
2024-08-29,59388.18,,32224990582.0,0.6108,59027.47,61184.08,58786.23,59388.18
2024-08-30,59119.48,,32292756405.0,-0.4525,59388.6,59896.89,57768.53,59119.48
2024-08-31,58969.9,,12403470760.0,-0.253,59117.48,59432.59,58768.79,58969.9
2024-09-01,57325.49,,24592449997.0,-2.7886,58969.8,59062.07,57217.82,57325.49
2024-09-02,59112.48,,27036454524.0,3.1173,57326.97,59403.07,57136.03,59112.48
2024-09-03,57431.02,,26666961053.0,-2.8445,59106.19,59815.06,57425.17,57431.02
2024-09-04,57971.54,,35627680312.0,0.9412,57430.35,58511.57,55673.16,57971.54
2024-09-05,56160.49,,31030280656.0,-3.124,57971.7,58300.58,55712.45,56160.49
2024-09-06,53948.75,,49361693566.0,-3.9382,56160.19,56976.11,52598.7,53948.75
2024-09-07,54139.69,,19061486526.0,0.3539,53949.09,54838.14,53740.07,54139.69
2024-09-08,54841.57,,18268287531.0,1.2964,54147.93,55300.86,53653.76,54841.57
2024-09-09,57019.54,,34618096173.0,3.9714,54851.89,58041.12,54598.43,57019.54
2024-09-10,57648.71,,28857630507.0,1.1034,57020.1,58029.98,56419.41,57648.71
2024-09-11,57343.17,,37049062672.0,-0.53,57650.29,57991.32,55567.34,57343.17
2024-09-12,58127.01,,33835707949.0,1.3669,57343.17,58534.36,57330.1,58127.01
2024-09-13,60571.3,,32490528356.0,4.2051,58130.32,60648.02,57650.11,60571.3
2024-09-14,60005.12,,16428405496.0,-0.9347,60569.12,60656.72,59517.88,60005.12
2024-09-15,59182.84,,18120960867.0,-1.3704,60000.73,60381.92,58696.31,59182.84
2024-09-16,58192.51,,32032822113.0,-1.6733,59185.23,59205.51,57501.34,58192.51
2024-09-17,60308.54,,38075570118.0,3.6363,58192.51,61316.09,57628.07,60308.54
2024-09-18,61649.68,,40990702891.0,2.2238,60309.0,61664.07,59218.25,61649.68
2024-09-19,62940.46,,42710252573.0,2.0937,61651.16,63872.44,61609.87,62940.46
2024-09-20,63192.98,,35177164222.0,0.4012,62941.43,64119.53,62364.61,63192.98
2024-09-21,63394.84,,14408616220.0,0.3194,63184.34,63543.36,62783.11,63394.84
2024-09-22,63648.71,,20183348802.0,0.4005,63396.8,63993.42,62440.73,63648.71
2024-09-23,63329.8,,31400285425.0,-0.501,63643.1,64733.56,62628.08,63329.8
2024-09-24,64301.97,,29938335243.0,1.5351,63326.84,64695.21,62737.42,64301.97
2024-09-25,63143.14,,25078377700.0,-1.8022,64302.59,64804.5,62945.38,63143.14
2024-09-26,65181.02,,36873129847.0,3.2274,63138.55,65790.8,62669.27,65181.02
2024-09-27,65790.66,,32058813449.0,0.9353,65180.66,66480.7,64852.99,65790.66
2024-09-28,65887.65,,15243637984.0,0.1474,65792.18,66255.53,65458.04,65887.65
2024-09-29,65635.3,,14788214575.0,-0.383,65888.9,66069.34,65450.02,65635.3
2024-09-30,63329.5,,37112957475.0,-3.5131,65634.66,65635.05,62873.62,63329.5
2024-10-01,60837.01,,50220923500.0,-3.9358,63335.61,64110.98,60189.28,60837.01
2024-10-02,60632.79,,40762722398.0,-0.3357,60836.32,62357.69,59996.95,60632.79
2024-10-03,60759.4,,36106447279.0,0.2088,60632.48,61469.04,59878.8,60759.4
2024-10-04,62067.48,,29585472513.0,2.1529,60754.62,62465.99,60459.94,62067.48
2024-10-05,62089.95,,13305410749.0,0.0362,62067.61,62371.02,61689.58,62089.95
2024-10-06,62818.95,,14776233667.0,1.1741,62084.99,62959.57,61833.15,62818.95
2024-10-07,62236.66,,34253562610.0,-0.9269,62819.11,64443.71,62152.55,62236.66
2024-10-08,62131.97,,28134475157.0,-0.1682,62221.64,63174.3,61843.56,62131.97
2024-10-09,60582.1,,27670982363.0,-2.4945,62131.73,62508.84,60314.61,60582.1
2024-10-10,60274.5,,30452813570.0,-0.5077,60581.93,61236.72,58895.21,60274.5
2024-10-11,62445.09,,30327141594.0,3.6012,60275.46,63400.87,60046.12,62445.09
2024-10-12,63193.02,,16744110886.0,1.1977,62444.62,63448.79,62443.27,63193.02
2024-10-13,62851.38,,18177529690.0,-0.5406,63192.95,63272.65,62035.64,62851.38
2024-10-14,66046.12,,43706958056.0,5.083,62848.4,66482.49,62442.15,66046.12
2024-10-15,67041.11,,48863870879.0,1.5065,66050.37,67881.68,64809.2,67041.11
2024-10-16,67612.72,,38195189534.0,0.8526,67042.46,68375.29,66758.73,67612.72
2024-10-17,67399.84,,32790898511.0,-0.3149,67617.08,67912.21,66647.39,67399.84
2024-10-18,68418.79,,36857165014.0,1.5118,67419.11,68969.75,67177.82,68418.79
2024-10-19,68362.73,,14443497908.0,-0.0819,68418.98,68668.01,68024.64,68362.73
2024-10-20,69001.7,,18975847518.0,0.9347,68364.18,69359.01,68105.72,69001.7
2024-10-21,67367.85,,37498611780.0,-2.3678,69002.0,69462.73,66829.85,67367.85
2024-10-22,67361.41,,31808472566.0,-0.0096,67360.7,67801.58,66581.37,67361.41
2024-10-23,66432.2,,32263980353.0,-1.3794,67362.38,67402.74,65188.04,66432.2
2024-10-24,68161.05,,31414428647.0,2.6024,66653.7,68798.96,66454.1,68161.05
2024-10-25,66642.41,,41469984306.0,-2.228,68165.3,68722.16,65521.79,66642.41
2024-10-26,67014.7,,19588098156.0,0.5586,66628.73,67317.92,66360.59,67014.7
2024-10-27,67929.3,,16721307878.0,1.3648,67023.48,68221.31,66847.23,67929.3
2024-10-28,69907.76,,38799856657.0,2.9125,67922.67,70212.27,67535.13,69907.76
2024-10-29,72720.49,,58541874402.0,4.0235,69910.05,73577.21,69729.91,72720.49
2024-10-30,72339.54,,40646637831.0,-0.5239,72715.37,72905.3,71411.73,72339.54
2024-10-31,70215.19,,40627912076.0,-2.9366,72335.05,72662.31,69590.5,70215.19
2024-11-01,69482.47,,49989795365.0,-1.0435,70216.9,71559.02,68779.7,69482.47
2024-11-02,69289.27,,18184612091.0,-0.278,69486.02,69867.35,69033.72,69289.27
2024-11-03,68741.12,,34868307655.0,-0.7911,69296.38,69361.66,67482.52,68741.12
2024-11-04,67811.51,,41184819348.0,-1.3523,68742.13,69433.18,66803.65,67811.51
2024-11-05,69359.56,,46046889204.0,2.2829,67811.17,70522.79,67458.87,69359.56
2024-11-06,75639.08,,118592653963.0,9.0536,69358.5,76460.16,69322.03,75639.08
2024-11-07,75904.86,,63467654989.0,0.3514,75637.09,76943.12,74480.42,75904.86
2024-11-08,76545.48,,55176858003.0,0.844,75902.84,77252.75,75648.74,76545.48
2024-11-09,76778.87,,29009480361.0,0.3049,76556.19,76932.77,75773.79,76778.87
2024-11-10,80474.19,,82570594495.0,4.8129,76775.55,81474.42,76565.43,80474.19
2024-11-11,88701.48,,117966845037.0,10.2235,80471.41,89604.5,80283.25,88701.48
2024-11-12,87955.81,,133673285375.0,-0.8407,88705.56,89956.88,85155.11,87955.81
2024-11-13,90584.16,,123559027869.0,2.9883,87929.97,93434.35,86256.93,90584.16
2024-11-14,87250.43,,87616705248.0,-3.6803,90574.88,91765.22,86682.81,87250.43
2024-11-15,91066.01,,78243109518.0,4.3731,87284.18,91868.74,87124.9,91066.01
2024-11-16,90558.48,,44333192814.0,-0.5573,91064.37,91763.95,90094.23,90558.48
2024-11-17,89845.85,,46350159305.0,-0.7869,90558.46,91433.04,88741.66,89845.85
2024-11-18,90542.64,,75535775084.0,0.7755,89843.72,92596.79,89393.59,90542.64
2024-11-19,92343.79,,74521048295.0,1.9893,90536.81,94002.87,90426.98,92343.79
2024-11-20,94339.49,,71730956426.0,2.1612,92341.89,94902.02,91619.5,94339.49
2024-11-21,98504.73,,106024505582.0,4.4152,94334.64,99014.22,94132.6,98504.73
2024-11-22,98997.66,,78473580551.0,0.5004,98496.43,99655.5,97222.66,98997.66
2024-11-23,97777.28,,44414644677.0,-1.2327,99006.74,99014.68,97232.89,97777.28
2024-11-24,98013.82,,51712020623.0,0.2419,97778.09,98647.18,95788.08,98013.82
2024-11-25,93102.3,,80909462490.0,-5.0111,98033.45,98935.03,92642.91,93102.3
2024-11-26,91985.32,,91656519855.0,-1.1997,93087.28,94991.75,90770.81,91985.32
2024-11-27,95962.53,,71133452438.0,4.3237,91978.14,97361.18,91778.66,95962.53
2024-11-28,95652.47,,52260008261.0,-0.3231,95954.95,96650.2,94677.35,95652.47
2024-11-29,97461.52,,54968682476.0,1.8913,95653.95,98693.17,95407.88,97461.52
2024-11-30,96449.05,,31634227866.0,-1.0388,97468.81,97499.34,96144.22,96449.05
2024-12-01,97279.79,,36590695296.0,0.8613,96461.34,97888.12,95770.19,97279.79
2024-12-02,95865.3,,72680784305.0,-1.454,97276.01,98152.6,94482.87,95865.3
2024-12-03,96002.16,,67067810961.0,0.1428,95854.59,96297.2,93629.56,96002.16
2024-12-04,98768.53,,77199817112.0,2.8816,95988.53,99207.33,94660.52,98768.53
2024-12-05,96593.57,,149218945580.0,-2.2021,98741.54,103900.47,91998.78,96593.57
2024-12-06,99920.71,,94534772658.0,3.4445,97074.23,102039.88,96514.88,99920.71
2024-12-07,99923.34,,44177510897.0,0.0026,99916.71,100563.38,99030.88,99923.34
2024-12-08,101236.02,,44125751925.0,1.3137,99921.91,101399.99,98771.52,101236.02
2024-12-09,97432.72,,110676473908.0,-3.7569,101237.06,101272.51,94355.91,97432.72
2024-12-10,96675.43,,104823780634.0,-0.7772,97441.23,98270.16,94321.26,96675.43
2024-12-11,101173.03,,85391409936.0,4.6523,96656.06,101913.36,95747.23,101173.03
2024-12-12,100043.0,,72073983533.0,-1.1169,101167.8,102524.91,99339.95,100043.0
2024-12-13,101459.26,,56894751583.0,1.4156,100046.65,101888.8,99233.28,101459.26
2024-12-14,101372.97,,40422968793.0,-0.085,101451.44,102618.88,100634.05,101372.97
2024-12-15,104298.7,,51145914137.0,2.8861,101373.53,105047.54,101227.03,104298.7
2024-12-16,106029.72,,91020417816.0,1.6597,104293.58,107780.58,103322.98,106029.72
2024-12-17,106140.6,,68589364868.0,0.1046,106030.69,108268.45,105291.73,106140.6
2024-12-18,100041.54,,93865656139.0,-5.7462,106147.3,106470.61,100041.54,100041.54
2024-12-19,97490.95,,97221662392.0,-2.5495,100070.69,102748.15,95587.68,97490.95
2024-12-20,97755.93,,105634083408.0,0.2718,97484.7,98098.91,92175.18,97755.93
2024-12-21,97224.73,,51765334294.0,-0.5434,97756.2,99507.1,96426.52,97224.73
2024-12-22,95104.94,,43147981314.0,-2.1803,97218.32,97360.27,94202.19,95104.94
2024-12-23,94686.24,,65239002919.0,-0.4402,95099.39,96416.21,92403.13,94686.24
2024-12-24,98676.09,,47114953674.0,4.2138,94684.34,99404.06,93448.02,98676.09
2024-12-25,99299.2,,33700394629.0,0.6315,98675.91,99478.75,97593.47,99299.2
2024-12-26,95795.52,,47054980873.0,-3.5284,99297.7,99884.57,95137.88,95795.52
2024-12-27,94164.86,,52419934565.0,-1.7022,95704.98,97294.84,93310.74,94164.86
2024-12-28,95163.93,,24107436185.0,1.061,94160.19,95525.9,94014.29,95163.93
2024-12-29,93530.23,,29635885267.0,-1.7167,95174.05,95174.88,92881.79,93530.23
2024-12-30,92643.21,,56188003691.0,-0.9484,93527.2,94903.32,91317.13,92643.21
2024-12-31,93429.2,,43625106843.0,0.8484,92643.25,96090.6,91914.03,93429.2
2025-01-01,94419.76,,24519888919.0,1.0602,93425.1,94929.87,92788.12,94419.76
2025-01-02,96886.88,,46009564411.0,2.6129,94416.29,97739.82,94201.57,96886.88
2025-01-03,98107.43,,35611391163.0,1.2598,96881.73,98956.91,96034.62,98107.43
2025-01-04,98236.23,,22342608078.0,0.1313,98106.99,98734.43,97562.98,98236.23
2025-01-05,98314.96,,20525254825.0,0.0801,98233.91,98813.3,97291.77,98314.96
2025-01-06,102078.09,,51823432705.0,3.8276,98314.95,102482.88,97926.15,102078.09
2025-01-07,96922.7,,58685738547.0,-5.0504,102248.85,102712.48,96132.88,96922.7
2025-01-08,95043.52,,63875859171.0,-1.9388,96924.16,97258.32,92525.84,95043.52
2025-01-09,92484.04,,62777261693.0,-2.693,95043.48,95349.72,91220.84,92484.04
2025-01-10,94701.45,,62058693684.0,2.3976,92494.49,95770.61,92250.09,94701.45
2025-01-11,94566.59,,18860894100.0,-0.1424,94700.84,94977.69,93840.05,94566.59
2025-01-12,94488.44,,20885130965.0,-0.0826,94565.73,95367.54,93712.51,94488.44
2025-01-13,94516.52,,72978998252.0,0.0297,94488.89,95837.0,89260.1,94516.52
2025-01-14,96534.05,,53769675818.0,2.1346,94519.01,97352.66,94322.16,96534.05
2025-01-15,100504.49,,57805923627.0,4.113,96534.05,100697.23,96501.64,100504.49
2025-01-16,99756.91,,54103781805.0,-0.7438,100505.3,100781.59,97364.45,99756.91
2025-01-17,104462.04,,71888972663.0,4.7166,100025.77,105884.23,99948.91,104462.04
2025-01-18,104408.07,,50445655726.0,-0.0517,104124.95,104913.2,102226.62,104408.07
2025-01-19,101089.61,,76789928525.0,-3.1784,104411.29,106299.8,99570.53,101089.61
2025-01-20,102016.66,,126279678351.0,0.9171,101083.75,109114.88,99471.36,102016.66
2025-01-21,106146.27,,88733878242.0,4.048,102052.58,107180.92,100103.95,106146.27
2025-01-22,103653.07,,53878181052.0,-2.3488,106136.38,106294.34,103360.27,103653.07
2025-01-23,103960.17,,104104515428.0,0.2963,103657.67,106820.33,101257.8,103960.17
2025-01-24,104819.48,,52388229265.0,0.8266,103965.67,107098.55,102772.12,104819.48
2025-01-25,104714.65,,23888996502.0,-0.1,104824.03,105243.79,104120.38,104714.65
2025-01-26,102682.5,,22543395879.0,-1.9407,104713.21,105438.65,102507.71,102682.5
2025-01-27,102087.69,,89006608428.0,-0.5793,102680.3,103214.11,97795.94,102087.69
2025-01-28,101332.48,,47180685494.0,-0.7398,102095.41,103730.82,100238.19,101332.48
2025-01-29,103703.21,,47432049818.0,2.3396,101317.52,104750.8,101283.82,103703.21
2025-01-30,104735.3,,41915744521.0,0.9952,103709.34,106418.77,103321.65,104735.3
2025-01-31,102405.02,,45732764360.0,-2.2249,104737.56,106026.35,101543.88,102405.02
2025-02-01,100655.91,,27757944848.0,-1.708,102402.8,102755.73,100297.71,100655.91
2025-02-02,97688.98,,63091816853.0,-2.9476,100661.54,101430.66,96216.08,97688.98
2025-02-03,101405.42,,115400897748.0,3.8044,97681.1,102514.17,91242.89,101405.42
2025-02-04,97871.82,,73002130211.0,-3.4846,101398.72,101745.62,96208.11,97871.82
2025-02-05,96615.45,,49125911241.0,-1.2837,97878.01,99113.21,96174.83,96615.45
2025-02-06,96593.3,,45302471947.0,-0.0229,96610.64,99168.61,95707.35,96593.3
2025-02-07,96529.09,,55741290456.0,-0.0665,96581.32,100154.14,95653.88,96529.09
2025-02-08,96482.45,,22447526395.0,-0.0483,96533.26,96877.8,95702.49,96482.45
2025-02-09,96500.09,,27732901800.0,0.0183,96481.31,97325.28,94745.26,96500.09
2025-02-10,97437.55,,40078962391.0,0.9715,96499.46,98333.22,95320.84,97437.55
2025-02-11,95747.43,,37488783272.0,-1.7346,97438.13,98492.9,94875.04,95747.43
2025-02-12,97885.86,,49340445530.0,2.2334,95745.7,98151.02,94101.2,97885.86
2025-02-13,96623.87,,37147280860.0,-1.2892,97888.75,98111.09,95269.71,96623.87
2025-02-14,97508.97,,32697987277.0,0.916,96623.37,98819.47,96342.8,97508.97
2025-02-15,97580.35,,17047266288.0,0.0732,97508.38,97975.04,97240.2,97580.35
2025-02-16,96175.03,,16536755396.0,-1.4402,97580.49,97725.59,96060.98,96175.03
2025-02-17,95773.38,,27336550690.0,-0.4176,96179.01,97032.23,95243.55,95773.38
2025-02-18,95539.55,,37325720482.0,-0.2442,95773.81,96695.38,93388.84,95539.55
2025-02-19,96635.61,,28990872862.0,1.1472,95532.53,96855.59,95011.97,96635.61
2025-02-20,98333.94,,31668022771.0,1.7575,96632.68,98767.2,96442.67,98333.94
2025-02-21,96125.55,,49608706470.0,-2.2458,98340.67,99497.97,94852.96,96125.55
2025-02-22,96577.76,,18353824477.0,0.4704,96134.2,96950.16,95765.34,96577.76
2025-02-23,96273.92,,16999478976.0,-0.3146,96577.8,96671.88,95270.45,96273.92
2025-02-24,91418.17,,44046480529.0,-5.0437,96277.96,96503.45,91371.74,91418.17
2025-02-25,88736.17,,92139104128.0,-2.9338,91437.12,92511.08,86008.23,88736.17
2025-02-26,84347.02,,64597492134.0,-4.9463,88638.89,89286.25,82131.9,84347.02
2025-02-27,84704.23,,52659591954.0,0.4235,84076.86,87000.78,83144.96,84704.23
2025-02-28,84373.01,,83610570576.0,-0.391,84705.62,85036.32,78248.91,84373.01
2025-03-01,86031.91,,29190628396.0,1.9662,84373.87,86522.3,83794.23,86031.91
2025-03-02,94248.35,,58398341092.0,9.5505,86036.26,95043.44,85040.21,94248.35
2025-03-03,86065.67,,70072228536.0,-8.682,94248.42,94429.75,85081.3,86065.67
2025-03-04,87222.2,,68095241474.0,1.3438,86064.07,88911.27,81529.24,87222.2
2025-03-05,90623.56,,50498988027.0,3.8997,87222.95,90998.24,86379.77,90623.56
2025-03-06,89961.73,,47749810486.0,-0.7303,90622.36,92804.94,87852.14,89961.73
2025-03-07,86742.67,,65945677657.0,-3.5782,89963.28,91191.05,84717.68,86742.67
2025-03-08,86154.59,,18206118081.0,-0.678,86742.66,86847.27,85247.48,86154.59
2025-03-09,80601.04,,30899345977.0,-6.446,86154.3,86471.13,80052.48,80601.04
2025-03-10,78532.0,,54061099422.0,-2.567,80597.15,83955.93,77420.59,78532.0
2025-03-11,82862.21,,54702837196.0,5.5139,78523.88,83577.76,76624.25,82862.21
2025-03-12,83722.36,,40353484454.0,1.038,82857.38,84358.58,80635.25,83722.36
2025-03-13,81066.7,,31412940153.0,-3.172,83724.92,84301.7,79931.85,81066.7
2025-03-14,83969.1,,29588112414.0,3.5803,81066.99,85263.29,80797.56,83969.1
2025-03-15,84343.11,,13650491277.0,0.4454,83968.41,84672.67,83639.59,84343.11
2025-03-16,82579.69,,21330270174.0,-2.0908,84333.32,85051.6,82017.91,82579.69
2025-03-17,84075.69,,25092785558.0,1.8116,82576.34,84725.33,82492.16,84075.69
2025-03-18,82718.5,,24095774594.0,-1.6142,84075.72,84075.72,81179.99,82718.5
2025-03-19,86854.23,,34931960257.0,4.9998,82718.8,87021.19,82569.73,86854.23
2025-03-20,84167.2,,29028988961.0,-3.0937,86872.95,87443.27,83647.2,84167.2
2025-03-21,84043.24,,19030452299.0,-0.1473,84164.54,84782.27,83171.07,84043.24
2025-03-22,83832.48,,9863214091.0,-0.2508,84046.26,84513.88,83674.78,83832.48
2025-03-23,86054.38,,12594615537.0,2.6504,83831.9,86094.78,83794.91,86054.38
2025-03-24,87498.91,,34582604933.0,1.6786,86070.93,88758.73,85541.2,87498.91
2025-03-25,87471.7,,30005840049.0,-0.0311,87512.82,88542.4,86346.08,87471.7
2025-03-26,86900.88,,26704046038.0,-0.6526,87460.23,88292.16,85861.45,86900.88
2025-03-27,87177.1,,24413471941.0,0.3179,86896.26,87786.73,85837.94,87177.1
2025-03-28,84353.15,,34198619509.0,-3.2393,87185.23,87489.86,83557.64,84353.15
2025-03-29,82597.59,,16969396135.0,-2.0812,84352.07,84567.34,81634.14,82597.59
2025-03-30,82334.52,,14763760943.0,-0.3185,82596.98,83505.0,81573.25,82334.52
2025-03-31,82548.91,,29004228247.0,0.2604,82336.06,83870.12,81293.89,82548.91
2025-04-01,85169.17,,28175650319.0,3.1742,82551.92,85487.37,82429.36,85169.17
2025-04-02,82485.71,,47584398470.0,-3.1507,85180.61,88466.95,82343.54,82485.71
2025-04-03,83102.83,,36852112080.0,0.7482,82487.48,83909.3,81282.1,83102.83
2025-04-04,83843.8,,45157640207.0,0.8916,83100.25,84696.15,81670.75,83843.8
2025-04-05,83504.8,,14380803631.0,-0.4043,83844.7,84207.02,82377.73,83504.8
2025-04-06,78214.48,,36294853736.0,-6.3353,83504.51,83704.72,77097.74,78214.48
2025-04-07,79235.34,,91262424987.0,1.3052,78221.34,81119.06,74436.68,79235.34
2025-04-08,76271.95,,48314590749.0,-3.74,79218.48,80823.89,76198.02,76271.95
2025-04-09,82573.95,,84213627038.0,8.2625,76273.56,83541.0,74589.67,82573.95
2025-04-10,79626.14,,44718000633.0,-3.5699,82565.98,82700.93,78456.13,79626.14
2025-04-11,83404.84,,41656778779.0,4.7455,79625.05,84247.48,78936.32,83404.84
2025-04-12,85287.11,,24258059104.0,2.2568,83404.52,85856.19,82769.38,85287.11
2025-04-13,83684.98,,28796984817.0,-1.8785,85279.47,86015.19,83027.01,83684.98
2025-04-14,84542.39,,34090769777.0,1.0246,83694.52,85785.0,83690.64,84542.39
2025-04-15,83668.99,,28040322885.0,-1.0331,84539.7,86429.35,83598.82,83668.99
2025-04-16,84033.87,,29617804112.0,0.4361,83674.51,85428.28,83100.62,84033.87
2025-04-17,84895.75,,21276866029.0,1.0256,84030.67,85449.07,83749.75,84895.75
2025-04-18,84450.8,,12728372364.0,-0.5241,84900.19,85095.05,84298.88,84450.8
2025-04-19,85063.41,,15259300427.0,0.7254,84450.87,85597.7,84353.46,85063.41
2025-04-20,85174.3,,14664050812.0,0.1304,85066.07,85306.38,83976.84,85174.3
2025-04-21,87518.91,,41396190190.0,2.7527,85171.54,88460.09,85143.84,87518.91
2025-04-22,93441.89,,55899038456.0,6.7677,87521.88,93817.38,87084.53,93441.89
2025-04-23,93699.11,,41719568821.0,0.2753,93427.59,94535.73,91962.96,93699.11
2025-04-24,93943.8,,31483175315.0,0.2611,93692.4,94016.2,91696.71,93943.8
2025-04-25,94720.5,,40915232364.0,0.8268,93954.25,95768.39,92898.59,94720.5
2025-04-26,94646.93,,17612825123.0,-0.0777,94714.65,95251.36,93927.25,94646.93
2025-04-27,93754.84,,18090367764.0,-0.9425,94660.91,95301.2,93665.4,93754.84
2025-04-28,94978.75,,32363449569.0,1.3054,93755.3,95598.49,92860.8,94978.75
2025-04-29,94284.79,,25806129921.0,-0.7306,94981.86,95485.41,93796.63,94284.79
2025-04-30,94207.31,,28344679831.0,-0.0822,94286.47,95249.32,92979.64,94207.31
2025-05-01,96492.34,,32875889623.0,2.4255,94212.86,97437.96,94153.63,96492.34
2025-05-02,96910.07,,26421924677.0,0.4329,96494.97,97905.9,96375.95,96910.07
2025-05-03,95891.8,,15775154889.0,-1.0507,96904.63,96943.88,95821.29,95891.8
2025-05-04,94315.98,,18198688416.0,-1.6433,95877.19,96318.92,94173.43,94315.98
2025-05-05,94748.05,,25816260327.0,0.4581,94319.56,95193.19,93566.27,94748.05
2025-05-06,96802.48,,26551275827.0,2.1683,94748.38,96889.18,93399.86,96802.48
2025-05-07,97032.32,,76983822462.0,0.2374,96800.2,97625.8,95829.34,97032.32
2025-05-08,103241.46,,69895404397.0,6.399,97034.25,103969.54,96913.88,103241.46
2025-05-09,102970.85,,58198593958.0,-0.2621,103239.12,104297.49,102343.09,102970.85
2025-05-10,104696.33,,42276713994.0,1.6757,102973.71,104961.77,102830.48,104696.33
2025-05-11,104106.36,,46285517406.0,-0.5635,104701.07,104937.99,103364.74,104106.36
2025-05-12,102812.95,,63250475404.0,-1.2424,104106.96,105747.45,100814.41,102812.95
2025-05-13,104169.81,,52608876410.0,1.3197,102812.49,104997.42,101515.09,104169.81
2025-05-14,103539.41,,45956071155.0,-0.6052,104167.33,104303.56,102618.3,103539.41
2025-05-15,103744.64,,50408241840.0,0.1982,103538.83,104153.62,101440.81,103744.64
2025-05-16,103489.29,,44386499364.0,-0.2461,103735.66,104533.48,103137.48,103489.29
2025-05-17,103191.09,,37898552742.0,-0.2881,103489.29,103716.95,102659.18,103191.09
2025-05-18,106446.01,,49887082058.0,3.1543,103186.95,106597.17,103142.6,106446.01
2025-05-19,105606.18,,61761126647.0,-0.789,106430.53,107068.72,102112.69,105606.18
2025-05-20,106791.09,,36515726122.0,1.122,105605.41,107307.12,104206.52,106791.09
2025-05-21,109678.08,,78086364051.0,2.7034,106791.31,110724.46,106127.23,109678.08
2025-05-22,111673.28,,70157575642.0,1.8191,109673.49,111970.17,109285.07,111673.28
2025-05-23,107287.8,,67548133399.0,-3.9271,111679.36,111798.91,106841.3,107287.8
2025-05-24,107791.16,,45903627163.0,0.4692,107278.51,109454.52,106895.29,107791.16
2025-05-25,109035.39,,47518041841.0,1.1543,107802.27,109313.3,106683.38,109035.39
2025-05-26,109440.37,,45950461571.0,0.3714,109023.78,110376.88,108735.64,109440.37
2025-05-27,108994.64,,57450176272.0,-0.4073,109440.41,110744.21,107609.55,108994.64
2025-05-28,107802.33,,49155377493.0,-1.0939,108992.17,109298.29,106812.93,107802.33
2025-05-29,105641.76,,56022752042.0,-2.0042,107795.57,108910.05,105374.4,105641.76
2025-05-30,103998.57,,57655287183.0,-1.5554,105646.21,106308.95,103685.79,103998.57
2025-05-31,104638.09,,38997843858.0,0.6149,103994.72,104927.1,103136.12,104638.09
2025-06-01,105652.1,,37397056873.0,0.9691,104637.3,105884.55,103826.95,105652.1
2025-06-02,105881.53,,45819706290.0,0.2172,105649.81,105958.31,103727.55,105881.53
2025-06-03,105432.47,,46196508367.0,-0.4241,105888.48,106813.58,104920.84,105432.47
2025-06-04,104731.98,,44544857105.0,-0.6644,105434.37,105997.7,104232.7,104731.98
2025-06-05,101575.95,,57479298400.0,-3.0134,104750.78,105936.69,100436.88,101575.95
2025-06-06,104390.34,,48856653697.0,2.7707,101574.37,105376.77,101169.57,104390.34
2025-06-07,105615.62,,38365033776.0,1.1737,104390.65,105972.76,103987.31,105615.62
2025-06-08,105793.65,,36626232328.0,0.1686,105617.51,106497.06,105075.33,105793.65
2025-06-09,110294.1,,55903193732.0,4.254,105793.02,110561.42,105400.23,110294.1
2025-06-10,110257.23,,54700101509.0,-0.0334,110295.69,110380.12,108367.71,110257.23
2025-06-11,108686.62,,50842662052.0,-1.4245,110261.8,110384.22,108086.33,108686.62
2025-06-12,105929.05,,54843867968.0,-2.5372,108685.91,108780.7,105785.69,105929.05
2025-06-13,106090.97,,69550440846.0,0.1529,105924.59,106182.55,102822.02,106090.97
2025-06-14,105472.41,,38007870453.0,-0.583,106108.09,106203.76,104379.37,105472.41
2025-06-15,105552.02,,36744307742.0,0.0755,105464.84,106157.1,104519.88,105552.02
2025-06-16,106796.76,,50366626945.0,1.1793,105555.59,108915.38,104997.62,106796.76
2025-06-17,104601.12,,55964092176.0,-2.0559,106794.12,107750.2,103396.53,104601.12
2025-06-18,104883.33,,47318089133.0,0.2698,104602.07,105581.85,103602.27,104883.33
2025-06-19,104684.29,,37333806920.0,-0.1898,104886.77,105250.89,103940.77,104684.29
2025-06-20,103309.6,,50951862476.0,-1.3132,104681.03,106539.38,102372.21,103309.6
2025-06-21,102257.41,,38360555118.0,-1.0185,103315.08,104015.78,100973.06,102257.41
2025-06-22,100987.14,,65536997201.0,-1.2422,102212.03,103351.63,98286.2,100987.14
2025-06-23,105577.77,,65237759656.0,4.5458,100987.48,106116.86,99705.75,105577.77
2025-06-24,106045.63,,48822986421.0,0.4431,105571.52,106316.83,104740.24,106045.63
2025-06-25,107361.26,,51624120283.0,1.2406,106047.41,108168.4,105881.39,107361.26
2025-06-26,106960.0,,43891990613.0,-0.3737,107375.07,108305.55,106666.35,106960.0
2025-06-27,107088.43,,45353692675.0,0.1201,106954.92,107772.47,106449.99,107088.43
2025-06-28,107327.7,,30037708335.0,0.2234,107090.55,107567.88,106883.98,107327.7
2025-06-29,108385.57,,35534874438.0,0.9856,107327.82,108526.3,107230.11,108385.57
2025-06-30,107135.34,,42064804590.0,-1.1535,108383.44,108798.79,106759.65,107135.34
2025-07-01,105698.28,,44110692247.0,-1.3413,107144.38,107550.68,105270.23,105698.28
2025-07-02,108859.32,,56248657737.0,2.9906,105703.1,109763.66,105157.4,108859.32
2025-07-03,109647.98,,50494742270.0,0.7245,108845.02,110541.46,108605.8,109647.98
2025-07-04,108034.34,,42616442656.0,-1.4717,109635.66,109751.98,107296.38,108034.34
2025-07-05,108231.18,,30615537520.0,0.1822,108015.84,108381.34,107842.27,108231.18
2025-07-06,109232.07,,36746020463.0,0.9248,108231.19,109731.62,107847.02,109232.07
2025-07-07,108299.85,,45415696597.0,-0.8534,109235.33,109710.25,107527.05,108299.85
2025-07-08,108950.27,,44282204127.0,0.6006,108298.23,109198.97,107499.55,108950.27
2025-07-09,111326.55,,57927418065.0,2.1811,108950.27,111925.38,108357.68,111326.55
2025-07-10,115987.2,,95911605728.0,4.1865,111329.2,116608.78,110660.75,115987.2
2025-07-11,117516.99,,86928361085.0,1.3189,115986.23,118856.48,115245.69,117516.99
2025-07-12,117435.23,,45524560304.0,-0.0696,117530.71,118219.9,116977.02,117435.23
2025-07-13,119116.12,,49021091807.0,1.4313,117432.2,119449.57,117265.44,119116.12
2025-07-14,119849.7,,181746419401.0,0.6159,119115.79,123091.61,118959.2,119849.7
2025-07-15,117777.19,,98321661181.0,-1.7293,119853.85,119935.56,115765.69,117777.19
2025-07-16,118738.51,,72162029070.0,0.8162,117777.19,120065.52,117064.82,118738.51
2025-07-17,119289.84,,72363841798.0,0.4643,118738.51,120999.61,117508.22,119289.84
2025-07-18,118003.23,,77945799785.0,-1.0786,119284.11,120851.91,116925.98,118003.23
2025-07-19,117939.98,,47564562765.0,-0.0536,117998.12,118541.4,117388.41,117939.98
2025-07-20,117300.79,,57515447231.0,-0.542,117944.11,118865.03,116550.13,117300.79
2025-07-21,117439.54,,69820091744.0,0.1183,117306.47,119671.56,116584.4,117439.54
2025-07-22,119995.41,,79217583118.0,2.1763,117426.5,120269.97,116233.23,119995.41
2025-07-23,118754.96,,66608604537.0,-1.0338,119997.45,120113.35,117391.39,118754.96
2025-07-24,118368.0,,72627318560.0,-0.3258,118770.98,119535.45,117247.97,118368.0
2025-07-25,117635.88,,104857024569.0,-0.6185,118368.0,118486.98,114759.82,117635.88
2025-07-26,117947.37,,48508954046.0,0.2648,117644.84,118335.69,117181.23,117947.37
2025-07-27,119448.49,,54683390892.0,1.2727,117944.73,119815.59,117859.69,119448.49
2025-07-28,117924.48,,64822943193.0,-1.2759,119457.52,119819.79,117441.44,117924.48
2025-07-29,117922.15,,68463107433.0,-0.002,117938.59,119273.87,116987.37,117922.15
2025-07-30,117831.19,,68896148592.0,-0.0771,117921.99,118780.73,115800.83,117831.19
2025-07-31,115758.2,,69370346018.0,-1.7593,117833.63,118919.98,115505.22,115758.2
2025-08-01,113320.09,,91294530181.0,-2.1062,115738.95,116060.77,112724.45,113320.09
2025-08-02,112526.91,,56870866000.0,-0.6999,113320.39,114021.6,112005.77,112526.91
2025-08-03,114217.67,,48099615826.0,1.5025,112525.8,114747.42,111943.8,114217.67
2025-08-04,115071.88,,35783028986.0,0.7479,114223.92,115729.47,114130.41,115071.88
2025-08-05,114141.45,,61039182286.0,-0.8086,115072.19,115117.44,112701.11,114141.45
2025-08-06,115028.0,,56379133510.0,0.7767,114140.91,115737.84,113372.25,115028.0
2025-08-07,117496.9,,64051649681.0,2.1463,115030.05,117676.91,114279.71,117496.9
2025-08-08,116688.73,,59713005166.0,-0.6878,117505.5,117689.2,115917.46,116688.73
2025-08-09,116500.36,,54004312429.0,-0.1614,116678.27,117906.61,116363.84,116500.36
2025-08-10,119306.76,,64755458694.0,2.4089,116497.72,119320.71,116485.16,119306.76
2025-08-11,118731.45,,90528784177.0,-0.4822,119306.81,122321.09,118159.03,118731.45
2025-08-12,120172.91,,72803657984.0,1.2141,118717.66,120302.47,118228.72,120172.91
2025-08-13,123344.06,,90904808795.0,2.6388,120168.98,123682.45,118939.63,123344.06
2025-08-14,118359.58,,104055627395.0,-4.0411,123339.4,124457.12,117254.88,118359.58
2025-08-15,117398.35,,68665353159.0,-0.8121,118365.78,119332.31,116864.57,117398.35
2025-08-16,117491.35,,48036922378.0,0.0792,117398.42,117996.06,117271.95,117491.35
2025-08-17,117453.06,,45852169525.0,-0.0326,117492.79,118595.77,117279.52,117453.06
2025-08-18,116252.31,,72787808090.0,-1.0223,117453.91,117614.17,114723.68,116252.31
2025-08-19,112831.18,,71657600353.0,-2.9429,116241.86,116764.5,112730.4,112831.18
2025-08-20,114274.74,,67993811526.0,1.2794,112828.02,114625.8,112387.96,114274.74
2025-08-21,112419.03,,57817883700.0,-1.6239,114275.69,114802.65,111986.23,112419.03
2025-08-22,116874.09,,82528088240.0,3.9629,112433.73,117377.4,111678.95,116874.09
2025-08-23,115374.33,,55377142586.0,-1.2832,116866.37,116996.25,114536.11,115374.33
2025-08-24,113458.43,,73961489632.0,-1.6606,115387.39,115615.09,111060.55,113458.43
2025-08-25,110124.35,,85706860190.0,-2.9386,113456.9,113637.84,109324.28,110124.35
2025-08-26,111802.66,,69396320317.0,1.524,110124.1,112397.02,108762.04,111802.66
2025-08-27,111222.06,,62137056409.0,-0.5193,111795.71,112619.41,110398.27,111222.06
2025-08-28,112544.8,,58860155962.0,1.1893,111219.05,113450.08,110900.92,112544.8
2025-08-29,108410.84,,77843379644.0,-3.6732,112550.52,112619.05,107559.62,108410.84
2025-08-30,108808.07,,51486264208.0,0.3664,108409.41,108929.35,107444.45,108808.07
2025-08-31,108236.71,,47986191770.0,-0.5251,108818.46,109491.0,108104.66,108236.71
2025-09-01,109250.59,,66870372995.0,0.9367,108228.75,109890.59,107271.18,109250.59
2025-09-02,111200.59,,74776999491.0,1.7849,109243.07,111748.02,108454.03,111200.59
2025-09-03,111723.21,,61119643565.0,0.47,111190.7,112600.23,110582.96,111723.21
2025-09-04,110723.6,,60131132901.0,-0.8947,111718.15,112208.33,109347.23,110723.6
2025-09-05,110650.98,,60241647677.0,-0.0656,110723.02,113357.49,110233.4,110650.98
2025-09-06,110224.7,,21500719036.0,-0.3853,110650.57,111275.02,110024.09,110224.7
2025-09-07,111167.62,,24618007520.0,0.8555,110221.33,111591.08,110211.62,111167.62
2025-09-08,112071.43,,40212813407.0,0.813,111163.02,112869.23,110630.61,112071.43
2025-09-09,111530.55,,45984480722.0,-0.4826,112077.58,113225.44,110776.7,111530.55
2025-09-10,113955.36,,56377473784.0,2.1741,111531.25,114275.25,110940.08,113955.36
2025-09-11,115507.54,,45685065332.0,1.3621,113961.43,115522.55,113453.84,115507.54
2025-09-12,116101.58,,54785725894.0,0.5143,115507.79,116769.38,114794.48,116101.58
2025-09-13,115950.51,,34549454947.0,-0.1301,116093.56,116334.63,115248.27,115950.51
2025-09-14,115407.66,,32798036057.0,-0.4682,115950.29,116181.5,115222.4,115407.66
2025-09-15,115444.88,,52937859416.0,0.0322,115399.63,116747.88,114461.06,115444.88
2025-09-16,116843.19,,45781744593.0,1.2112,115423.76,117005.27,114813.09,116843.19
2025-09-17,116468.51,,60528025996.0,-0.3207,116840.51,117328.61,114794.98,116468.51
2025-09-18,117137.2,,49457272032.0,0.5741,116461.27,117911.79,116188.8,117137.2
2025-09-19,115688.86,,38828473971.0,-1.2365,117137.67,117479.76,115141.82,115688.86
2025-09-20,115721.96,,22864449614.0,0.0286,115691.12,116191.15,115473.52,115721.96
2025-09-21,115306.09,,22495852193.0,-0.3594,115730.23,115901.09,115252.58,115306.09
2025-09-22,112748.51,,70684158591.0,-2.2181,115309.22,115431.31,112037.65,112748.51
2025-09-23,112014.5,,47211853279.0,-0.651,112757.48,113351.91,111535.57,112014.5
2025-09-24,113328.63,,48044595085.0,1.1732,112007.66,113986.27,111229.64,113328.63
2025-09-25,109049.29,,75528654284.0,-3.776,113330.16,113541.09,108713.4,109049.29
2025-09-26,109712.83,,57738288949.0,0.6085,109041.3,110359.2,108728.98,109712.83
2025-09-27,109681.95,,26308042910.0,-0.0281,109707.14,109778.5,109144.3,109681.95
2025-09-28,112122.64,,33371048505.0,2.2252,109681.95,112375.48,109236.95,112122.64
2025-09-29,114400.38,,60000147466.0,2.0315,112117.88,114473.57,111589.95,114400.38
2025-09-30,114056.09,,58986330258.0,-0.301,114396.52,114836.62,112740.56,114056.09
2025-10-01,118648.93,,71328680132.0,4.0268,114057.59,118648.93,113981.4,118648.93
2025-10-02,120681.26,,71415163912.0,1.7129,118652.38,121086.41,118383.16,120681.26
2025-10-03,122266.53,,83941392228.0,1.3136,120656.98,123944.7,119344.31,122266.53
2025-10-04,122425.43,,36769171735.0,0.13,122267.47,122857.64,121577.57,122425.43
2025-10-05,123513.48,,73689317763.0,0.8887,122419.67,125559.21,122191.96,123513.48
2025-10-06,124752.53,,72568881188.0,1.0032,123510.45,126198.07,123196.05,124752.53
2025-10-07,121451.38,,76149412513.0,-2.6462,124752.14,125184.02,120681.97,121451.38
2025-10-08,123354.87,,65354305286.0,1.5673,121448.35,124167.09,121119.18,123354.87
2025-10-09,121705.59,,74653009425.0,-1.337,123337.07,123739.34,119812.03,121705.59
2025-10-10,113214.37,,153125018868.0,-6.9769,121704.74,122509.66,104582.41,113214.37
2025-10-11,110807.88,,110236934340.0,-2.1256,113236.43,113429.73,109760.56,110807.88
2025-10-12,115169.77,,93710414091.0,3.9364,110811.52,115805.06,109715.54,115169.77
2025-10-13,115271.08,,71582026739.0,0.088,115161.68,116020.48,113821.19,115271.08
2025-10-14,113118.66,,92212917403.0,-1.8673,115264.88,115502.88,110029.48,113118.66
2025-10-15,110783.16,,72574132855.0,-2.0646,113113.97,113622.38,110235.84,110783.16
2025-10-16,108186.04,,87306423067.0,-2.3443,110782.17,111990.81,107537.03,108186.04
2025-10-17,106467.79,,99703051669.0,-1.5882,108179.13,109235.8,103598.43,106467.79
2025-10-18,107198.27,,37779905278.0,0.6861,106483.73,107490.98,106387.45,107198.27
2025-10-19,108666.71,,47657008953.0,1.3698,107204.31,109488.99,106157.79,108666.71
2025-10-20,110588.93,,63507793085.0,1.7689,108667.45,111711.03,107485.02,110588.93
2025-10-21,108476.89,,101194375480.0,-1.9098,110587.63,113996.34,107534.75,108476.89
2025-10-22,107688.59,,80807013218.0,-0.7267,108491.53,109115.13,106778.0,107688.59
2025-10-23,110069.73,,54944076060.0,2.2111,107679.44,111288.59,107548.43,110069.73
2025-10-24,111033.92,,48160816980.0,0.876,110069.35,111842.53,109770.15,111033.92
2025-10-25,111641.73,,24707667305.0,0.5474,111032.62,111947.7,110704.41,111641.73
2025-10-26,114472.45,,41708524143.0,2.5355,111639.05,115260.91,111268.48,114472.45
2025-10-27,114119.33,,61761358733.0,-0.3085,114479.85,116273.31,113882.29,114119.33
2025-10-28,112956.16,,64528066504.0,-1.0193,114129.09,116078.98,112291.68,112956.16
2025-10-29,110055.3,,62192043469.0,-2.5681,112921.33,113642.73,109368.72,110055.3
2025-10-30,108305.55,,69673964814.0,-1.5899,110059.2,111612.35,106376.69,108305.55
2025-10-31,109556.16,,60090359560.0,1.1547,108304.41,111031.82,108288.27,109556.16
2025-11-01,110064.02,,25871668762.0,0.4636,109558.62,110574.9,109372.95,110064.02
2025-11-02,110639.62,,34284209459.0,0.523,110064.43,111167.31,109523.45,110639.62
2025-11-03,106547.52,,72852006359.0,-3.6986,110646.91,110764.91,105336.36,106547.52
2025-11-04,101590.52,,110967184773.0,-4.6524,106541.42,107264.88,98962.06,101590.52
2025-11-05,103891.84,,77584934804.0,2.2653,101579.23,104534.7,98989.91,103891.84
2025-11-06,101301.29,,63932752861.0,-2.4935,103893.66,104147.3,100336.87,101301.29
2025-11-07,103372.41,,92168030081.0,2.0445,101286.24,104052.91,99257.05,103372.41
2025-11-08,102282.12,,51446691095.0,-1.0547,103371.7,103373.56,101458.04,102282.12
2025-11-09,104719.64,,59679243013.0,2.3831,102278.98,105418.37,101468.88,104719.64
2025-11-10,105996.59,,69585887229.0,1.2194,104723.77,106564.7,104350.65,105996.59
2025-11-11,102997.47,,71130078574.0,-2.8295,105996.86,107428.26,102457.33,102997.47
2025-11-12,101663.19,,64347179408.0,-1.2955,103011.44,105297.23,100836.62,101663.19
2025-11-13,99697.49,,101546815416.0,-1.9335,101674.15,104005.49,97988.72,99697.49
2025-11-14,94397.79,,114346441890.0,-5.3158,99694.7,99804.43,94000.73,94397.79
2025-11-15,95549.15,,38500716654.0,1.2197,94420.47,96728.47,94420.47,95549.15
2025-11-16,94177.08,,71086235862.0,-1.436,95556.87,96564.19,92971.16,94177.08
2025-11-17,92093.88,,94186165724.0,-2.212,94180.88,95928.37,91214.76,92093.88
2025-11-18,92948.88,,101333569062.0,0.9284,92094.53,93745.08,89300.46,92948.88
2025-11-19,91465.99,,80350354656.0,-1.5954,92946.16,92946.16,88526.83,91465.99
2025-11-20,86631.9,,97970645638.0,-5.2851,91459.35,93025.07,86040.8,86631.9
2025-11-21,85090.69,,129157506112.0,-1.779,86528.77,87380.8,80659.81,85090.69
2025-11-22,84648.36,,40793099246.0,-0.5198,85098.56,85503.01,83490.9,84648.36
2025-11-23,86805.01,,58083435576.0,2.5478,84648.61,88038.47,84641.77,86805.01
2025-11-24,88270.56,,74433896110.0,1.6883,86798.77,89206.34,85272.2,88270.56
2025-11-25,87341.89,,64837343545.0,-1.0521,88269.96,88457.34,86131.43,87341.89
2025-11-26,90518.37,,66496301869.0,3.6368,87345.59,90581.16,86316.9,90518.37
2025-11-27,91285.38,,57040622845.0,0.8474,90517.77,91897.58,90089.52,91285.38
2025-11-28,90919.27,,60895830289.0,-0.4011,91285.38,92969.09,90257.12,90919.27
2025-11-29,90851.76,,37921773455.0,-0.0743,90918.74,91187.62,90260.19,90851.76
2025-11-30,90394.31,,38497902869.0,-0.5035,90838.21,91965.05,90394.31,90394.31
2025-12-01,86321.57,,87962894424.0,-4.5055,90389.11,90398.16,83862.25,86321.57
2025-12-02,91350.2,,78546798211.0,5.8255,86322.54,92316.63,86202.2,91350.2
2025-12-03,93527.8,,77650204986.0,2.3838,91345.09,94060.77,91056.39,93527.8
2025-12-04,92141.62,,64538402681.0,-1.4821,93454.26,94038.24,90976.1,92141.62
2025-12-05,89387.76,,63256398633.0,-2.9887,92133.65,92702.64,88152.14,89387.76
2025-12-06,89272.38,,37994042405.0,-0.1291,89389.36,90267.46,88951.66,89272.38
2025-12-07,90405.64,,47394898960.0,1.2694,89277.81,91740.84,87799.56,90405.64
2025-12-08,90640.2,,57394099056.0,0.2595,90424.59,92267.12,89644.89,90640.2
2025-12-09,92691.71,,66861721440.0,2.2634,90639.7,94601.57,89586.98,92691.71
2025-12-10,92020.95,,65420694513.0,-0.7237,92695.23,94477.16,91640.13,92020.95
2025-12-11,92511.34,,64532834621.0,0.5329,92011.3,93554.27,89335.3,92511.34
2025-12-12,90270.41,,80275884583.0,-2.4223,92513.66,92747.93,89532.6,90270.41
2025-12-13,90298.71,,64237748110.0,0.0313,90257.8,90647.57,89800.99,90298.71
2025-12-14,88175.18,,50465972205.0,-2.3517,90296.44,90498.11,87634.94,88175.18
2025-12-15,86419.78,,45559514323.0,-1.9908,88171.08,89983.92,85304.08,86419.78
2025-12-16,87843.98,,41262178223.0,1.648,86424.41,88170.09,85381.69,87843.98
2025-12-17,86143.76,,44243392914.0,-1.9355,87847.62,90264.57,85316.27,86143.76
2025-12-18,85462.51,,52667115348.0,-0.7908,86144.37,89412.66,84436.31,85462.51
2025-12-19,88103.38,,46733310561.0,3.0901,85476.13,89339.12,85107.66,88103.38
2025-12-20,88344.0,,14688196659.0,0.2731,88101.67,88497.2,87924.88,88344.0
2025-12-21,88621.75,,19845522660.0,0.3144,88344.7,89027.95,87613.2,88621.75
2025-12-22,88490.02,,38047472118.0,-0.1486,88621.4,90501.93,87908.07,88490.02
2025-12-23,87414.0,,43683011533.0,-1.216,88490.03,88898.38,86606.98,87414.0
2025-12-24,87611.96,,25550297986.0,0.2265,87404.32,87956.88,86411.8,87611.96
2025-12-25,87234.74,,19953216347.0,-0.4306,87608.32,88501.79,86949.26,87234.74
2025-12-26,87301.43,,42455674908.0,0.0764,87235.51,89459.43,86628.14,87301.43
2025-12-27,87802.16,,13741199310.0,0.5736,87301.43,87874.78,87182.98,87802.16
2025-12-28,87835.84,,15156557929.0,0.0384,87799.34,87986.89,87394.95,87835.84
2025-12-29,87138.14,,48411625849.0,-0.7943,87835.79,90299.16,86717.91,87138.14
2025-12-30,88430.13,,35586356225.0,1.4827,87134.35,89297.94,86735.55,88430.13
2025-12-31,87508.83,,33830210616.0,-1.0418,88429.59,89080.29,87130.56,87508.83
2026-01-01,88731.98,,18849043990.0,1.3978,87508.05,88803.23,87399.41,88731.98
2026-01-02,89944.7,,46398906171.0,1.3667,88733.06,90884.46,88298.62,89944.7
2026-01-03,90603.19,,20774828592.0,0.7321,89945.05,90679.57,89328.07,90603.19
2026-01-04,91413.49,,26770491368.0,0.8943,90603.0,91712.59,90595.1,91413.49
2026-01-05,93882.55,,53376407252.0,2.701,91414.62,94762.07,91414.62,93882.55
2026-01-06,93729.03,,52430605257.0,-0.1635,93876.95,94395.3,91286.55,93729.03
2026-01-07,91308.05,,43461295053.0,-2.583,93727.47,93738.79,90601.8,91308.05
2026-01-08,91027.12,,42386697030.0,-0.3077,91309.64,91485.85,89233.88,91027.12
2026-01-09,90513.1,,38305906684.0,-0.5647,91026.27,91910.67,89625.38,90513.1
2026-01-10,90386.65,,12385895282.0,-0.1397,90510.1,90713.03,90283.4,90386.65
2026-01-11,90827.46,,17165568977.0,0.4877,90385.36,91155.23,90212.02,90827.46
2026-01-12,91192.99,,41346275358.0,0.4024,90825.86,92395.52,90055.02,91192.99
2026-01-13,95321.78,,54980674354.0,4.5275,91185.34,96011.62,90941.93,95321.78
2026-01-14,96929.33,,60592490863.0,1.6864,95322.91,97860.6,94583.05,96929.33
2026-01-15,95551.19,,53086363027.0,-1.4218,96931.29,97150.17,95103.24,95551.19
2026-01-16,95525.12,,33248170537.0,-0.0273,95554.1,95801.89,94259.27,95525.12
2026-01-17,95099.92,,16021715122.0,-0.4451,95525.16,95598.48,95005.62,95099.92
2026-01-18,93634.43,,20809781232.0,-1.541,95101.18,95491.51,93588.87,93634.43
2026-01-19,92553.59,,39195241508.0,-1.1543,93655.67,93660.83,92089.25,92553.59
2026-01-20,88310.91,,53072968031.0,-4.584,92553.6,92798.43,87814.93,88310.91
2026-01-21,89376.96,,56330422434.0,1.2072,88326.51,90430.41,87231.57,89376.96
2026-01-22,89462.45,,35549685694.0,0.0957,89378.52,90258.96,88438.45,89462.45
2026-01-23,89503.88,,38997586037.0,0.0463,89462.05,91100.25,88486.36,89503.88
2026-01-24,89110.73,,14558687712.0,-0.4392,89506.15,89811.61,89044.29,89110.73
2026-01-25,86572.22,,36124986722.0,-2.8487,89104.77,89193.15,86003.71,86572.22
2026-01-26,88267.14,,45329286974.0,1.9578,86566.52,88743.07,86429.29,88267.14
2026-01-27,89102.57,,38744942267.0,0.9465,88257.48,89427.12,87228.92,89102.57
2026-01-28,89184.57,,39807419296.0,0.092,89104.05,90439.29,88721.46,89184.57
2026-01-29,84561.59,,64653083162.0,-5.1836,89169.85,89200.78,83250.6,84561.59
2026-01-30,84128.66,,72083816087.0,-0.512,84562.73,84602.16,81071.48,84128.66
2026-01-31,78621.12,,70479259159.0,-6.5466,84126.5,84136.92,75815.88,78621.12
2026-02-01,76974.45,,53372509744.0,-2.0944,78626.12,79322.61,75698.9,76974.45
2026-02-02,78688.77,,75140589684.0,2.2271,76968.88,79258.61,74551.34,78688.77
2026-02-03,75633.55,,68249110822.0,-3.8827,78693.51,79118.85,72897.14,75633.55
2026-02-04,73019.7,,67215363944.0,-3.4559,75640.09,76864.66,71779.93,73019.7
2026-02-05,62702.1,,125509410908.0,-14.1299,73016.38,73161.55,62353.54,62702.1
2026-02-06,70555.39,,114674259489.0,12.5248,62704.45,71681.3,60074.2,70555.39
2026-02-07,69281.97,,62347107663.0,-1.8049,70553.8,71611.15,67364.45,69281.97
2026-02-08,70264.73,,39721722619.0,1.4185,69283.73,72206.91,68852.9,70264.73
2026-02-09,70120.78,,52081598792.0,-0.2049,70243.33,71369.97,68291.03,70120.78
2026-02-10,68793.96,,40593063077.0,-1.8922,70137.39,70464.27,67913.09,68793.96
2026-02-11,66991.97,,49671946030.0,-2.6194,68791.86,69242.68,65757.3,66991.97
2026-02-12,66221.84,,44651071271.0,-1.1496,66992.2,68339.49,65092.11,66221.84
2026-02-13,68857.84,,40820775886.0,3.9806,66213.38,69382.84,65835.78,68857.84
2026-02-14,69767.62,,36012397645.0,1.3212,68856.98,70481.16,68706.62,69767.62
2026-02-15,68788.19,,40191152750.0,-1.4039,69764.95,70939.29,68052.55,68788.19
2026-02-16,68843.16,,33618145426.0,0.0799,68782.4,70067.23,67301.59,68843.16
2026-02-17,67494.22,,34866936040.0,-1.9594,68843.09,69201.87,66615.28,67494.22
2026-02-18,66425.32,,33094301643.0,-1.5837,67488.02,68434.43,65845.9,66425.32
2026-02-19,66957.52,,31492987019.0,0.8012,66425.62,67277.12,65637.43,66957.52
2026-02-20,68005.42,,47507867304.0,1.565,66958.58,68269.03,66452.48,68005.42
2026-02-21,68003.77,,18357635642.0,-0.0024,68000.25,68657.7,67533.07,68003.77
2026-02-22,67659.39,,17893536012.0,-0.5064,67998.83,68235.23,67185.6,67659.39
2026-02-23,64616.74,,50953457309.0,-4.497,67668.43,67668.43,63924.44,64616.74
2026-02-24,64080.04,,40849331086.0,-0.8306,64616.02,64992.16,62553.19,64080.04
2026-02-25,67960.12,,53629234355.0,6.0551,64077.77,69953.53,63942.48,67960.12
2026-02-26,67453.77,,42988597523.0,-0.7451,67954.87,68843.35,66523.73,67453.77
2026-02-27,65881.8,,40283655942.0,-2.3305,67456.52,68220.41,64946.04,65881.8
2026-02-28,66995.86,,42041497112.0,1.691,65878.93,67714.52,63062.22,66995.86
2026-03-01,65738.1,,40733141929.0,-1.8774,67005.88,68162.82,65076.73,65738.1
2026-03-02,68775.85,,56698092052.0,4.621,65734.08,70044.0,65303.14,68775.85
2026-03-03,68293.65,,47947999049.0,-0.7011,68785.08,69232.89,66237.62,68293.65
2026-03-04,72710.58,,75073101274.0,6.4676,68290.56,74051.8,67437.41,72710.58
2026-03-05,70841.12,,51172841727.0,-2.5711,72712.66,73555.79,70654.88,70841.12
2026-03-06,68136.49,,43776962871.0,-3.8179,70842.16,71378.57,67757.82,68136.49
2026-03-07,67272.59,,23258701211.0,-1.2679,68136.69,68515.16,66969.26,67272.59
2026-03-08,65969.78,,33195080116.0,-1.9366,67272.5,68177.79,65639.2,65969.78
2026-03-09,68402.38,,49499875378.0,3.6874,65969.59,69474.95,65858.01,68402.38
2026-03-10,69926.92,,54003996096.0,2.2288,68402.72,71770.9,68402.72,69926.92
2026-03-11,70204.88,,45236859848.0,0.3975,69931.25,71337.66,68998.87,70204.88
2026-03-12,70493.46,,40871848129.0,0.4111,70209.77,70775.83,69230.16,70493.46
2026-03-13,70968.27,,61167226505.0,0.6735,70497.05,73927.33,70410.73,70968.27
2026-03-14,71214.62,,22283546496.0,0.3471,70965.38,71291.2,70339.59,71214.62
2026-03-15,72789.91,,27991268669.0,2.212,71213.68,73173.01,70882.42,72789.91
2026-03-16,74861.09,,55572438409.0,2.8454,72798.17,74901.86,72300.63,74861.09
2026-03-17,73870.38,,55413100544.0,-1.3234,74871.3,75921.28,73671.69,73870.38
